"#";"Title_Country";"Title";"Cloneof_Country";"Cloneof";"Developer(s)";"Publisher(s) – North America";"Publisher(s) - Europe / PAL";"Release date – North America";"Release date – Europe / PAL"
1;"()";"3-D Battles of WorldRunner, The";"()";;"Square";"Acclaim Entertainment";"Unreleased";"September 1987";"Unreleased"
2;"()";"8 Eyes";"()";;"Thinking Rabbit";"Taxan";"Unreleased";"January 1990";"Unreleased"
3;"()";"10-Yard Fight";"()";;"Irem";"Nintendo";"Nintendo";"10/18/85";"12/06/86"
4;"()";"720°";"()";;"Beam Software";"Mindscape";"Unreleased";"November 1989";"Unreleased"
5;"()";1942;"()";;"Micronics";"Capcom";"Unreleased";"11/01/86";"Unreleased"
6;"()";"1943: The Battle of Midway";"()";;"Capcom";"Capcom";"Unreleased";"October 1988";"Unreleased"
7;"()";"Abadox: The Deadly Inner War";"()";;"Natsume";"Milton Bradley Company";"Unreleased";"March 1990";"Unreleased"
8;"()";"Addams Family, The";"()";;"Ocean Software";"Ocean Software";"Ocean Software";"January 1992";"December 1992"
9;"()";"Addams Family: Pugsley's Scavenger Hunt, The";"()";;"Enigma Variations";"Ocean Software";"Ocean Software";"August 1993";1992
10;"()";"Advanced Dungeons & Dragons: DragonStrike";"()";;"Westwood Associates";"FCI";"Unreleased";"July 1992";"Unreleased"
11;"()";"Advanced Dungeons & Dragons: Heroes of the Lance";"()";;"Natsume";"FCI";"Unreleased";"January 1991";"Unreleased"
12;"()";"Advanced Dungeons & Dragons: Hillsfar";"()";;"Crosstalk";"FCI";"Unreleased";"February 1993";"Unreleased"
13;"()";"Advanced Dungeons & Dragons: Pool of Radiance";"()";;"Marionette, SRS";"FCI";"Unreleased";"April 1992";"Unreleased"
14;"(NA)";"Adventure Island";"()";;"Hudson Soft";"Hudson Soft";"Hudson Soft";"September 1988";1992
15;"(EU)";"Adventure Island Classic";"(NA)";"Adventure Island";"Hudson Soft";"Hudson Soft";"Hudson Soft";"September 1988";1992
16;"(FR)";"Adventure Island Classic in the Pacific";"(NA)";"Adventure Island";"Hudson Soft";"Hudson Soft";"Hudson Soft";"September 1988";1992
17;"(NA)";"Adventure Island II";"()";;"Now Production";"Hudson Soft";"Hudson Soft";"February 1991";"07/22/92"
18;"(EU)";"Adventure Island Part II, The";"(NA)";"Adventure Island II";"Now Production";"Hudson Soft";"Hudson Soft";"February 1991";"07/22/92"
19;"()";"Adventure Island 3";"()";;"Now Production";"Hudson Soft";"Unreleased";"September 1992";"Unreleased"
20;"()";"Adventures in the Magic Kingdom";"()";;"Capcom";"Capcom";"Capcom";"June 1990";"12/10/92"
21;"()";"Adventures of Bayou Billy, The";"()";;"Konami";"Konami";"Konami";"June 1989";"01/24/91"
22;"()";"Adventures of Dino Riki";"()";;"Hudson Soft";"Hudson Soft";"Unreleased";"September 1989";"Unreleased"
23;"()";"Adventures of Gilligan's Island, The";"()";;"Human Entertainment";"Bandai";"Unreleased";"July 1990";"Unreleased"
24;"()";"Adventures of Lolo";"()";;"HAL Laboratory";"HAL America";"HAL Laboratory";"April 1989";"02/21/91"
25;"()";"Adventures of Lolo 2";"()";;"HAL Laboratory";"HAL America";"HAL Laboratory";"March 1990";1991
26;"()";"Adventures of Lolo 3";"()";;"HAL Laboratory";"HAL America";"HAL Laboratory";"11/21/91";"05/27/92"
27;"()";"Adventures of Rad Gravity, The";"()";;"Interplay Productions";"Activision";"Activision";"December 1990";"05/30/91"
28;"()";"Adventures of Rocky and Bullwinkle and Friends, The";"()";;"Radical Entertainment";"THQ";"Unreleased";"December 1992";"Unreleased"
29;"()";"Adventures of Tom Sawyer";"()";;"Winkysoft";"SETA";"Unreleased";"August 1989";"Unreleased"
30;"()";"Air Fortress";"()";;"HAL Laboratory";"HAL America";"HAL Laboratory";"September 1989";1989
31;"()";"Airwolf";"()";;"Beam Software";"Acclaim Entertainment";"Acclaim Entertainment";"June 1989";"August 1988"
32;"(NA)";"Al Unser Jr.'s Turbo Racing";"()";;"Data East";"Data East";"Data East";"March 1990";1991
33;"(EU)";"Turbo Racing";"(NA)";"Al Unser Jr.'s Turbo Racing";"Data East";"Data East";"Data East";"March 1990";1991
34;"(NA)";"Alex Demeo's Race America";"()";;"Imagineering";"Absolute Entertainment";"Milton Bradley Company";"May 1992";1990
35;"(EU)";"Corvette ZR-1 Challenge";"(NA)";"Alex Demeo's Race America";"Imagineering";"Absolute Entertainment";"Milton Bradley Company";"May 1992";1990
36;"()";"Alfred Chicken";"()";;"Twilight";"Mindscape";"Mindscape";"February 1994";1993
37;"()";"Alien 3";"()";;"Probe Software";"LJN";"LJN";"March 1993";1993
38;"()";"All-Pro Basketball";"()";;"Aicom";"Vic Tokai";"Unreleased";"December 1989";"Unreleased"
39;"()";"Alpha Mission";"()";;"SNK";"SNK";"SNK";"October 1987";1987
40;"()";"Amagon";"()";;"Aicom";"American Sammy";"Unreleased";"April 1989";"Unreleased"
41;"()";"American Gladiators";"()";;"Incredible Technologies";"GameTek";"Unreleased";"October 1991";"Unreleased"
42;"()";"Anticipation";"()";;"Rare";"Nintendo";"Nintendo";"November 1988";"10/25/89"
43;"()";"Arch Rivals";"()";;"Rare";"Acclaim Entertainment";"Acclaim Entertainment";"November 1990";1991
44;"()";"Archon";"()";;"Bullet-Proof Software";"Activision";"Unreleased";"December 1989";"Unreleased"
45;"()";"Arkanoid";"()";;"Taito";"Taito";"Unreleased";"August 1987";"Unreleased"
46;"()";"Arkista's Ring";"()";;"NMK";"American Sammy";"Unreleased";"June 1990";"Unreleased"
47;"()";"Asterix";"()";;"Bit Managers";"Unreleased";"Infogrames";"Unreleased";1993
48;"()";"Astyanax";"()";;"Aicom";"Jaleco";"Jaleco";"March 1990";1990
49;"()";"Athena";"()";;"Micronics";"SNK";"Unreleased";"August 1987";"Unreleased"
50;"()";"Athletic World";"()";;"Human Entertainment";"Bandai";"Nintendo";"July 1987";"06/15/88"
51;"()";"Attack of the Killer Tomatoes";"()";;"Imagineering";"THQ";"THQ";"January 1992";1991
52;"()";"Aussie Rules Footy";"()";;"Beam Software";"Unreleased";"Laser Beam Entertainment";"Unreleased";1991
53;"()";"Back to the Future";"()";;"Beam Software";"LJN";"Unreleased";"September 1989";"Unreleased"
54;"()";"Back to the Future Part II & III";"()";;"Beam Software";"LJN";"Unreleased";"September 1990";"Unreleased"
55;"(NA)";"Bad Dudes";"()";;"Data East";"Data East";"Ocean Software";"August 1989";1990
56;"(EU)";"Bad Dudes vs. DragonNinja";"(NA)";"Bad Dudes";"Data East";"Data East";"Ocean Software";"August 1989";1990
57;"()";"Bad News Baseball";"()";;"Tecmo";"Tecmo";"Unreleased";"June 1990";"Unreleased"
58;"()";"Bad Street Brawler";"()";;"Beam Software";"Mattel";"Unreleased";"September 1989";"Unreleased"
59;"()";"Balloon Fight";"()";;"Nintendo Research & Development 1";"Nintendo";"Nintendo";"06/18/86";"12/15/86"
60;"()";"Banana Prince";"()";;"KID";"Unreleased";"Takara";"Unreleased";"February 1992"
61;"()";"Bandai Golf: Challenge Pebble Beach";"()";;"TOSE";"Bandai";"Unreleased";"February 1989";"Unreleased"
62;"()";"Bandit Kings of Ancient China";"()";;"Koei";"Koei";"Unreleased";"December 1990";"Unreleased"
63;"()";"Barbie";"()";;"Imagineering";"Hi Tech Expressions";"Hi Tech Expressions";"December 1991";1992
64;"()";"Bard's Tale, The";"()";;"Atelier Double";"FCI";"Unreleased";"November 1991";"Unreleased"
65;"()";"Barker Bill's Trick Shooting";"()";;"Nintendo Research & Development 1";"Nintendo";"Nintendo";"August 1990";"06/27/91"
66;"()";"Base Wars";"()";;"Konami";"Ultra Games";"Unreleased";"June 1991";"Unreleased"
67;"()";"Baseball";"()";;"Nintendo Research & Development 1";"Nintendo";"Nintendo";"10/18/85";"09/01/86"
68;"()";"Baseball Simulator 1.000";"()";;"Culture Brain";"Culture Brain";"Unreleased";"March 1990";"Unreleased"
69;"()";"Baseball Stars";"()";;"SNK";"SNK";"Unreleased";"July 1989";"Unreleased"
70;"()";"Baseball Stars 2";"()";;"Pixel";"Romstar";"Unreleased";"July 1992";"Unreleased"
71;"()";"Bases Loaded";"()";;"TOSE";"Jaleco";"Unreleased";"July 1988";"Unreleased"
72;"()";"Bases Loaded II: Second Season";"()";;"TOSE";"Jaleco";"Unreleased";"January 1990";"Unreleased"
73;"()";"Bases Loaded 3";"()";;"TOSE";"Jaleco";"Unreleased";"September 1991";"Unreleased"
74;"()";"Bases Loaded 4";"()";;"TOSE";"Jaleco";"Unreleased";"April 1993";"Unreleased"
75;"()";"Batman: The Video Game";"()";;"Sunsoft";"Sunsoft";"Sunsoft";"February 1990";"09/14/90"
76;"()";"Batman: Return of the Joker";"()";;"Sunsoft";"Sunsoft";"Sunsoft";"December 1991";"11/19/92"
77;"()";"Batman Returns";"()";;"Konami";"Konami";"Konami";"January 1993";1993
78;"()";"Battle Chess";"()";;"Beam Software";"Data East";"Unreleased";"July 1990";"Unreleased"
79;"()";"Battle of Olympus, The";"()";;"Infinity";"Brøderbund";"Nintendo";"December 1989";"09/26/91"
80;"()";"Battle Tank";"()";;"Imagineering";"Absolute Entertainment";"Unreleased";"September 1990";"Unreleased"
81;"()";"Battleship";"()";;"Mindscape";"Mindscape";"Mindscape";"September 1993";1993
82;"()";"Battletoads";"()";;"Rare";"Tradewest";"Tradewest";"June 1991";"02/18/93"
83;"()";"Battletoads & Double Dragon";"()";;"Rare";"Tradewest";"Nintendo";"June 1993";1993
84;"()";"Beetlejuice";"()";;"Rare";"LJN";"Unreleased";"May 1991";"Unreleased"
85;"()";"Best of the Best: Championship Karate";"()";;"Movie Software";"Electro Brain";"Loriciel";"December 1992";1993
86;"()";"Bigfoot";"()";;"Beam Software";"Acclaim Entertainment";"Acclaim Entertainment";"August 1990";"01/24/91"
87;"()";"Bill & Ted's Excellent Video Game Adventure";"()";;"Rocket Science Productions";"LJN";"Unreleased";"August 1991";"Unreleased"
88;"()";"Bill Elliott's NASCAR Challenge";"()";;"Distinctive Software";"Konami";"Unreleased";"December 1991";"Unreleased"
89;"()";"Bionic Commando";"()";;"Capcom";"Capcom";"Capcom";"December 1988";"10/26/90"
90;"()";"Black Bass, The";"()";;"Another";"Hot-B";"Unreleased";"September 1989";"Unreleased"
91;"()";"Blades of Steel";"()";;"Konami";"Konami";"Konami";"December 1988";"11/23/90"
92;"()";"Blaster Master";"()";;"Sunsoft";"Sunsoft";"Sunsoft";"November 1988";"04/25/91"
93;"()";"Blue Marlin, The";"()";;"Hot-B";"Hot-B";"Unreleased";"July 1992";"Unreleased"
94;"()";"Blues Brothers, The";"()";;"Titus Software";"Titus Software";"Titus Software";"September 1992";1992
95;"()";"Bo Jackson Baseball";"()";;"Beam Software";"Data East";"Unreleased";"October 1991";"Unreleased"
96;"()";"Bomberman";"()";;"Hudson Soft";"Hudson Soft";"Unreleased";"January 1989";"Unreleased"
97;"(NA)";"Bomberman II";"()";;"Hudson Soft";"Hudson Soft";"Hudson Soft";"February 1993";1991
98;"(EU)";"Dynablaster";"(NA)";"Bomberman II";"Hudson Soft";"Hudson Soft";"Hudson Soft";"February 1993";1991
99;"()";"Bonk's Adventure";"()";;"AI";"Hudson Soft";"Unreleased";"January 1994";"Unreleased"
100;"()";"Boulder Dash";"()";;"Data East, Sakata SAS";"JVC Musical Industries";"Nintendo";"June 1990";1990
101;"()";"Boy and His Blob: Trouble on Blobolonia, A";"()";;"Imagineering";"Absolute Entertainment";"Nintendo";"January 1990";1991
102;"()";"Bram Stoker's Dracula";"()";;"Probe Software";"Sony Imagesoft";"Sony Imagesoft";"September 1993";1993
103;"()";"Break Time: The National Pool Tour";"()";;"Opera House";"FCI";"Unreleased";"January 1993";"Unreleased"
104;"()";"BreakThru";"()";;"Data East";"Data East";"Unreleased";"November 1987";"Unreleased"
105;"()";"Bubble Bobble";"()";;"Taito";"Taito";"Taito";"November 1988";"October 1990"
106;"()";"Bubble Bobble Part 2";"()";;"OLM, I.T.L";"Taito";"Unreleased";"August 1993";"Unreleased"
107;"()";"Bucky O'Hare";"()";;"Konami";"Konami";"Palcom Software";"January 1992";"02/18/93"
108;"(NA)";"Bugs Bunny Birthday Blowout, The";"()";;"Kemco";"Kemco*Seika";"Kemco";"September 1990";1990
109;"(EU)";"Bugs Bunny Blowout, The";"(NA)";"Bugs Bunny Birthday Blowout, The";"Kemco";"Kemco*Seika";"Kemco";"September 1990";1990
110;"()";"Bugs Bunny Crazy Castle, The";"()";;"Kemco";"Kemco*Seika";"Unreleased";"August 1989";"Unreleased"
111;"()";"Bump 'n' Jump";"()";;"Data East, Sakata SAS";"Vic Tokai";"Unreleased";"December 1988";"Unreleased"
112;"()";"Burai Fighter";"()";;"KID";"Taxan";"Nintendo";"March 1990";1990
113;"()";"BurgerTime";"()";;"Data East, Sakata SAS";"Data East";"Unreleased";"May 1987";"Unreleased"
114;"()";"Cabal";"()";;"Zippo Games";"Milton Bradley Company";"Unreleased";"June 1990";"Unreleased"
115;"()";"Caesars Palace";"()";;"Realtime Associates";"Virgin Interactive";"Unreleased";"December 1992";"Unreleased"
116;"()";"California Games";"()";;"Rare";"Milton Bradley Company";"Milton Bradley Company";"June 1989";1990
117;"()";"Capcom's Gold Medal Challenge '92";"()";;"Make Software";"Capcom";"Capcom";"August 1992";"06/17/93"
118;"()";"Captain America and The Avengers";"()";;"Data East";"Data East";"Data East";"December 1991";1991
119;"()";"Captain Planet and the Planeteers";"()";;"Chris Gray Enterprises";"Mindscape";"Mindscape";"September 1991";"08/20/92"
120;"()";"Captain Skyhawk";"()";;"Rare";"Milton Bradley Company";"Nintendo";"June 1990";"05/26/94"
121;"()";"Casino Kid";"()";;"SOFEL";"SOFEL";"Unreleased";"October 1989";"Unreleased"
122;"()";"Casino Kid 2";"()";;"SOFEL";"SOFEL";"Unreleased";"April 1993";"Unreleased"
123;"()";"Castelian";"()";;"Bits Studios";"Triffix";"Storm";"June 1991";1993
124;"()";"Castle of Dragon";"()";;"Athena";"SETA";"Unreleased";"June 1990";"Unreleased"
125;"()";"Castlequest";"()";;"ASCII";"Nexoft";"Unreleased";"September 1989";"Unreleased"
126;"()";"Castlevania";"()";;"Konami";"Konami";"Konami";"May 1987";"12/19/88"
127;"()";"Castlevania II: Simon's Quest";"()";;"Konami";"Konami";"Konami";"December 1988";"04/27/90"
128;"()";"Castlevania III: Dracula's Curse";"()";;"Konami";"Konami";"Palcom Software";"September 1990";"12/10/92"
129;"()";"Caveman Games";"()";;"Painting by Numbers";"Data East";"Unreleased";"October 1990";"Unreleased"
130;"()";"Championship Bowling";"()";;"Athena";"Romstar";"Unreleased";"December 1989";"Unreleased"
131;"()";"Championship Pool";"()";;"Bitmasters";"Mindscape";"Unreleased";"October 1993";"Unreleased"
132;"()";"Championship Rally";"()";;"Human Entertainment";"Unreleased";"HAL Laboratory";"Unreleased";1991
133;"()";"Chessmaster";"()";;"Software Toolworks";"Hi Tech Expressions";"Nintendo";"January 1990";"03/26/92"
134;"()";"Chip 'n Dale: Rescue Rangers";"()";;"Capcom";"Capcom";"Capcom";"June 1990";"12/12/91"
135;"()";"Chip 'n Dale: Rescue Rangers 2";"()";;"Make Software";"Capcom";"Capcom";"January 1994";"09/29/94"
136;"()";"Chubby Cherub";"()";;"TOSE";"Bandai";"Unreleased";"10/29/86";"Unreleased"
137;"()";"Circus Caper";"()";;"Advance Communication Company";"Toho";"Unreleased";"July 1990";"Unreleased"
138;"()";"City Connection";"()";;"Jaleco";"Jaleco";"Jaleco";"May 1988";1988
139;"()";"Clash at Demonhead";"()";;"Vic Tokai";"Vic Tokai";"Unreleased";"January 1990";"Unreleased"
140;"()";"Classic Concentration";"()";;"Softie";"GameTek";"Unreleased";"September 1990";"Unreleased"
141;"()";"Cliffhanger";"()";;"Spidersoft";"Sony Imagesoft";"Unreleased";"November 1993";"Unreleased"
142;"()";"Clu Clu Land";"()";;"Nintendo Research & Development 1";"Nintendo";"Nintendo";"10/18/85";"02/15/87"
143;"()";"Cobra Command";"()";;"Data East";"Data East";"Unreleased";"November 1988";"Unreleased"
144;"()";"Cobra Triangle";"()";;"Rare";"Nintendo";"Nintendo";"July 1989";"10/25/89"
145;"()";"Code Name: Viper";"()";;"Arc System Works, Capcom";"Capcom";"Unreleased";"March 1990";"Unreleased"
146;"()";"Color a Dinosaur";"()";;"FarSight Studios";"Virgin Interactive";"Unreleased";"July 1993";"Unreleased"
147;"()";"Commando";"()";;"Capcom";"Capcom";"Unreleased";"November 1986";"Unreleased"
148;"()";"Conan: The Mysteries of Time";"()";;"Eastridge Technology";"Mindscape";"Unreleased";"February 1991";"Unreleased"
149;"()";"Conflict";"()";;"Vic Tokai";"Vic Tokai";"Unreleased";"March 1990";"Unreleased"
150;"()";"Conquest of the Crystal Palace";"()";;"Quest";"Asmik";"Unreleased";"November 1990";"Unreleased"
151;"(NA)";"Contra";"()";;"Konami";"Konami";"Konami";"February 1988";"12/28/90"
152;"(EU)";"Probotector";"(NA)";"Contra";"Konami";"Konami";"Konami";"February 1988";"12/28/90"
153;"()";"Contra Force";"()";;"Konami";"Konami";"Unreleased";"September 1992";"Unreleased"
154;"()";"Cool World";"()";;"Ocean Software";"Ocean Software";"Unreleased";"June 1993";"Unreleased"
155;"()";"Cowboy Kid";"()";;"Pixel";"Romstar";"Unreleased";"January 1992";"Unreleased"
156;"()";"Crackout";"()";;"Konami";"Unreleased";"Palcom Software";"Unreleased";1991
157;"()";"Crash 'n the Boys: Street Challenge";"()";;"Techn?s Japan";"Techn?s Japan";"Unreleased";"October 1992";"Unreleased"
158;"()";"Crystalis";"()";;"SNK";"SNK";"Unreleased";"July 1990";"Unreleased"
159;"()";"Cyberball";"()";;"Richard Seaborne";"Jaleco";"Unreleased";"January 1992";"Unreleased"
160;"()";"Cybernoid: The Fighting Machine";"()";;"Raffaele Cecco";"Acclaim Entertainment";"Unreleased";"December 1989";"Unreleased"
161;"()";"Dance Aerobics";"()";;"Human Entertainment";"Nintendo";"Unreleased";"March 1989";"Unreleased"
162;"()";"Danny Sullivan's Indy Heat";"()";;"Rare";"Tradewest";"Tradewest";"August 1992";1992
163;"()";"Darkman";"()";;"Painting by Numbers";"Ocean Software";"Ocean Software";"October 1991";1991
164;"()";"Dash Galaxy in the Alien Asylum";"()";;"Beam Software";"Data East";"Unreleased";"February 1990";"Unreleased"
165;"()";"Day Dreamin' Davey";"()";;"Sculptured Software";"HAL America";"Unreleased";"June 1992";"Unreleased"
166;"()";"Days of Thunder";"()";;"Beam Software";"Mindscape";"Mindscape";"October 1990";"04/25/91"
167;"()";"Deadly Towers";"()";;"Lenar, Tamtex";"Brøderbund";"Unreleased";"September 1987";"Unreleased"
168;"()";"Defender II";"()";;"Vid Kidz";"HAL America";"Unreleased";"July 1988";"Unreleased"
169;"()";"Defender of the Crown";"()";;"Beam Software";"Ultra Games";"Palcom Software";"July 1989";"07/25/91"
170;"()";"Defenders of Dynatron City";"()";;"Lucasfilm Games";"JVC Musical Industries";"Unreleased";"July 1992";"Unreleased"
171;"()";"Déjà Vu";"()";;"Kemco";"Kemco*Seika";"Kemco";"December 1990";"09/24/92"
172;"()";"Demon Sword";"()";;"TOSE";"Taito";"Unreleased";"January 1990";"Unreleased"
173;"()";"Desert Commander";"()";;"Kemco";"Kemco*Seika";"Unreleased";"June 1989";"Unreleased"
174;"()";"Destination Earthstar";"()";;"Imagineering";"Acclaim Entertainment";"Unreleased";"February 1990";"Unreleased"
175;"()";"Destiny of an Emperor";"()";;"Capcom";"Capcom";"Unreleased";"September 1990";"Unreleased"
176;"()";"Devil World";"()";;"Nintendo Research & Development 1";"Unreleased";"Nintendo";"Unreleased";"07/15/87"
177;"()";"Dick Tracy";"()";;"Realtime Associates";"Bandai";"Unreleased";"August 1990";"Unreleased"
178;"()";"Die Hard";"()";;"Pack-In-Video";"Activision";"Activision";"January 1992";"January 1992"
179;"()";"Dig Dug II: Trouble in Paradise";"()";;"Namco";"Bandai";"Unreleased";"December 1989";"Unreleased"
180;"()";"Digger T. Rock: Legend of the Lost City";"()";;"Rare";"Milton Bradley Company";"Milton Bradley Company";"December 1990";1991
181;"()";"Dirty Harry";"()";;"Gray Matter Inc.";"Mindscape";"Unreleased";"December 1990";"Unreleased"
182;"()";"Disney's Aladdin";"()";;"NMS Software";"Unreleased";"Virgin Interactive";"Unreleased";"12/31/94"
183;"()";"Disney's Beauty and the Beast";"()";;"Probe Software";"Unreleased";"Hudson Soft";"Unreleased";1994
184;"()";"Disney's Darkwing Duck";"()";;"Capcom";"Capcom";"Capcom";"June 1992";"12/09/93"
185;"()";"Disney's The Jungle Book";"()";;"Eurocom, Virgin Interactive";"Virgin Interactive";"Virgin Interactive";"August 1994";"08/25/94"
186;"()";"Disney's The Lion King";"()";;"Dark Technologies";"Unreleased";"Virgin Interactive";"Unreleased";"05/25/95"
187;"()";"Disney's The Little Mermaid";"()";;"Capcom";"Capcom";"Unreleased";"July 1991";"Unreleased"
188;"()";"Donkey Kong";"()";;"Nintendo Research & Development 1, Nintendo Research & Development 2";"Nintendo";"Nintendo";"06/01/86";"10/15/86"
189;"()";"Donkey Kong 3";"()";;"Nintendo Research & Development 1";"Nintendo";"Nintendo";"06/06/86";"September 1987"
190;"()";"Donkey Kong Classics";"()";;"Nintendo";"Nintendo";"Nintendo";"October 1988";"08/10/89"
191;"()";"Donkey Kong Jr.";"()";;"Nintendo Research & Development 1, Nintendo Research & Development 2";"Nintendo";"Nintendo";"06/01/86";1987
192;"()";"Donkey Kong Jr. Math";"()";;"Nintendo Research & Development 2";"Nintendo";"Nintendo";"06/06/86";"September 1986"
193;"()";"Double Dare";"()";;"Rare";"GameTek";"Unreleased";"April 1990";"Unreleased"
194;"()";"Double Dragon";"()";;"Techn?s Japan";"Tradewest";"Nintendo";"June 1988";"09/28/90"
195;"()";"Double Dragon II: The Revenge";"()";;"Techn?s Japan";"Acclaim Entertainment";"Acclaim Entertainment";"January 1990";"August 1990"
196;"()";"Double Dragon III: The Sacred Stones";"()";;"Techn?s Japan";"Acclaim Entertainment";"Acclaim Entertainment";"February 1991";"January 1991"
197;"()";"Double Dribble";"()";;"Konami";"Konami";"Konami";"September 1987";1988
198;"()";"Dr. Chaos";"()";;"Marionette, SRS";"FCI";"Unreleased";"November 1988";"Unreleased"
199;"()";"Dr. Jekyll and Mr. Hyde";"()";;"Advance Communication Company";"Bandai";"Unreleased";"April 1989";"Unreleased"
200;"()";"Dr. Mario";"()";;"Nintendo Research & Development 1";"Nintendo";"Nintendo";"10/14/90";"06/27/91"
201;"()";"Dragon Fighter";"()";;"Natsume";"SOFEL";"Unreleased";"January 1992";"Unreleased"
202;"(NA)";"Dragon Power";"()";;"TOSE";"Bandai";"Bandai";"March 1988";1990
203;"(EU)";"Dragon Ball";"(NA)";"Dragon Power";"TOSE";"Bandai";"Bandai";"March 1988";1990
204;"()";"Dragon Spirit: The New Legend";"()";;"Now Production";"Bandai";"Unreleased";"June 1990";"Unreleased"
205;"()";"Dragon Warrior";"()";;"Chunsoft";"Nintendo";"Unreleased";"August 1989";"Unreleased"
206;"()";"Dragon Warrior II";"()";;"Chunsoft";"Enix";"Unreleased";"September 1990";"Unreleased"
207;"()";"Dragon Warrior III";"()";;"Chunsoft";"Enix";"Unreleased";"March 1992";"Unreleased"
208;"()";"Dragon Warrior IV";"()";;"Chunsoft";"Enix";"Unreleased";"October 1992";"Unreleased"
209;"()";"Dragon's Lair";"()";;"MotiveTime";"CSG Imagesoft";"Elite Systems";"December 1990";"01/03/92"
210;"()";"Dropzone";"()";;"Eurocom";"Unreleased";"Mindscape";"Unreleased";1992
211;"()";"Duck Hunt";"()";;"Nintendo Research & Development 1, Intelligent Systems";"Nintendo";"Nintendo";"10/18/85";"08/15/87"
212;"()";"DuckTales";"()";;"Capcom";"Capcom";"Capcom";"September 1989";"12/14/90"
213;"()";"DuckTales 2";"()";;"Make Software";"Capcom";"Capcom";"June 1993";"11/18/93"
214;"()";"Dungeon Magic: Sword of the Elements";"()";;"Natsume";"Taito";"Unreleased";"July 1990";"Unreleased"
215;"()";"Dusty Diamond's All-Star Softball";"()";;"TOSE";"Brøderbund";"Unreleased";"July 1990";"Unreleased"
216;"()";"Dynowarz: Destruction of Spondylus";"()";;"Advance Communication Company";"Bandai";"Unreleased";"April 1990";"Unreleased"
217;"()";"Elevator Action";"()";;"Micronics";"Taito";"Unreleased";"August 1987";"Unreleased"
218;"()";"Eliminator Boat Duel";"()";;"Sculptured Software";"Electro Brain";"Storm";"November 1991";"04/29/93"
219;"()";"Elite";"()";;"David BrabenIan Bell";"Unreleased";"Imagineer";"Unreleased";1991
220;"()";"Excitebike";"()";;"Nintendo Research & Development 1";"Nintendo";"Nintendo";"10/18/85";"09/01/86"
221;"()";"F-15 Strike Eagle";"()";;"MicroProse";"MicroProse";"MicroProse";"February 1992";"02/18/93"
222;"()";"F-117A Stealth Fighter";"()";;"MicroProse";"MicroProse";"Unreleased";"December 1992";"Unreleased"
223;"()";"Family Feud";"()";;"Beam Software";"GameTek";"Unreleased";"May 1991";"Unreleased"
224;"()";"Faria: A World of Mystery and Danger";"()";;"Game Arts";"Nexoft";"Unreleased";"June 1991";"Unreleased"
225;"()";"Faxanadu";"()";;"Hudson Soft";"Nintendo";"Nintendo";"August 1989";"12/28/90"
226;"()";"Felix the Cat";"()";;"Shimada Kikaku";"Hudson Soft";"Hudson Soft";"October 1992";1992
227;"()";"Ferrari Grand Prix Challenge";"()";;"System 3";"Acclaim Entertainment";"Acclaim Entertainment";"June 1992";"June 1992"
228;"()";"Fester's Quest";"()";;"Sunsoft";"Sunsoft";"Sunsoft";"September 1989";"09/14/90"
229;"()";"Final Fantasy";"()";;"Square";"Nintendo";"Unreleased";"May 1990";"Unreleased"
230;"(NA)";"Fire 'n Ice";"()";;"Tecmo";"Tecmo";"Tecmo";"March 1993";"03/18/93"
231;"(EU)";"Solomon's Key 2";"(NA)";"Fire 'n Ice";"Tecmo";"Tecmo";"Tecmo";"March 1993";"03/18/93"
232;"()";"Fisher-Price: Firehouse Rescue";"()";;"Imagineering";"GameTek";"Unreleased";"March 1992";"Unreleased"
233;"()";"Fisher-Price: I Can Remember";"()";;"Beam Software";"GameTek";"Unreleased";"March 1990";"Unreleased"
234;"()";"Fisher-Price: Perfect Fit";"()";;"Beam Software";"GameTek";"Unreleased";"March 1990";"Unreleased"
235;"()";"Fist of the North Star";"()";;"Shouei System";"Taxan";"Unreleased";"April 1989";"Unreleased"
236;"(NA)";"Flight of the Intruder";"()";;"Imagineering";"Mindscape";"Activision";"May 1991";1991
237;"(EU)";"Phantom Air Mission";"(NA)";"Flight of the Intruder";"Imagineering";"Mindscape";"Activision";"May 1991";1991
238;"()";"Flintstones: The Rescue of Dino & Hoppy, The";"()";;"Taito, Sol";"Taito";"Taito";"December 1991";"04/30/92"
239;"()";"Flintstones: Surprise at Dinosaur Peak, The";"()";;"Taito, Sol";"Taito";"Taito";"August 1994";"02/24/94"
240;"()";"Flying Dragon: The Secret Scroll";"()";;"Culture Brain";"Culture Brain";"Unreleased";"August 1989";"Unreleased"
241;"()";"Flying Warriors";"()";;"Culture Brain";"Culture Brain";"Unreleased";"February 1991";"Unreleased"
242;"()";"Formula 1 Sensation";"()";;"Konami";"Unreleased";"Palcom Software";"Unreleased";1993
243;"()";"Formula One: Built to Win";"()";;"Winkysoft";"SETA";"Unreleased";"November 1990";"Unreleased"
244;"()";"Fox's Peter Pan and the Pirates: The Revenge of Captain Hook";"()";;"Richard Seaborne, Equilibrium";"THQ";"Unreleased";"January 1991";"Unreleased"
245;"()";"Frankenstein: The Monster Returns";"()";;"TOSE";"Bandai";"Unreleased";"July 1991";"Unreleased"
246;"()";"Freedom Force";"()";;"Sunsoft";"Sunsoft";"Unreleased";"April 1988";"Unreleased"
247;"()";"Friday the 13th";"()";;"Atlus";"LJN";"Unreleased";"February 1989";"Unreleased"
248;"()";"Fun House";"()";;"Realtime Associates";"Hi Tech Expressions";"Unreleased";"January 1991";"Unreleased"
249;"()";"G.I. Joe: A Real American Hero";"()";;"KID";"Taxan";"Unreleased";"January 1991";"Unreleased"
250;"()";"G.I. Joe: The Atlantis Factor";"()";;"KID";"Capcom";"Unreleased";"March 1992";"Unreleased"
251;"(NA)";"Galaga: Demons of Death";"()";;"Namco";"Bandai";"Bandai";"September 1988";1988
252;"(EU)";"Galaga";"(NA)";"Galaga: Demons of Death";"Namco";"Bandai";"Bandai";"September 1988";1988
253;"()";"Galaxy 5000";"()";;"Activision";"Activision";"Activision";"February 1991";"February 1991"
254;"()";"Gargoyle's Quest II: The Demon Darkness";"()";;"Capcom";"Capcom";"Capcom";"October 1992";"06/17/93"
255;"()";"Gauntlet";"()";;"Tengen";"Tengen";"Unreleased";"July 1988";"Unreleased"
256;"()";"Gauntlet II";"()";;"Eastridge Technology";"Mindscape";"Mindscape";"September 1990";"04/25/91"
257;"()";"Gemfire";"()";;"Koei";"Koei";"Unreleased";"March 1992";"Unreleased"
258;"()";"Genghis Khan";"()";;"Koei";"Koei";"Unreleased";"January 1990";"Unreleased"
259;"()";"George Foreman's KO Boxing";"()";;"Beam Software";"Acclaim Entertainment";"Acclaim Entertainment";"December 1992";"December 1992"
260;"()";"Ghostbusters";"()";;"Bits Corporation";"Activision";"Unreleased";"October 1988";"Unreleased"
261;"()";"Ghostbusters II";"()";;"Imagineering";"Activision";"Activision";"April 1990";"12/07/90"
262;"(NA)";"Ghosts 'n Goblins";"()";;"Micronics";"Capcom";"Capcom";"11/01/86";"03/23/89"
263;"(EU)";"Ghost 'n Goblins";"(NA)";"Ghosts 'n Goblins";"Micronics";"Capcom";"Capcom";"11/01/86";"03/23/89"
264;"()";"Ghoul School";"()";;"Imagineering";"Electro Brain";"Unreleased";"March 1992";"Unreleased"
265;"()";"Goal!";"()";;"TOSE";"Jaleco";"Jaleco";"October 1989";"03/24/94"
266;"(NA/ES)";"Goal! Two";"()";;"TOSE";"Jaleco";"Jaleco";"November 1992";1992
267;"(FR)";"Eric Cantona Football Challenge Goal! 2";"(NA/ES)";"Goal! Two";"TOSE";"Jaleco";"Jaleco";"November 1992";1992
268;"()";"Godzilla: Monster of Monsters";"()";;"Compile";"Toho";"Toho";"October 1989";1991
269;"()";"Godzilla 2: War of the Monsters";"()";;"???";"Toho";"Unreleased";"February 1992";"Unreleased"
270;"()";"Golf";"()";;"Nintendo";"Nintendo";"Nintendo";"10/18/85";"11/15/86"
271;"()";"Golf Grand Slam";"()";;"TOSE";"Atlus";"Unreleased";"November 1991";"Unreleased"
272;"()";"Golgo 13: Top Secret Episode";"()";;"Vic Tokai";"Vic Tokai";"Unreleased";"September 1988";"Unreleased"
273;"()";"Goonies II, The";"()";;"Konami";"Konami";"Konami";"November 1987";"12/19/88"
274;"()";"Gotcha! The Sport!";"()";;"Atlus";"LJN";"Unreleased";"November 1987";"Unreleased"
275;"()";"Gradius";"()";;"Konami";"Konami";"Konami";"December 1986";"11/30/88"
276;"()";"Great Waldo Search, The";"()";;"Radiance";"THQ";"Unreleased";"December 1992";"Unreleased"
277;"()";"Greg Norman's Golf Power";"()";;"Gremlin Interactive";"Virgin Interactive";"Unreleased";"July 1992";"Unreleased"
278;"()";"Gremlins 2: The New Batch";"()";;"Sunsoft";"Sunsoft";"Sunsoft";"October 1990";"02/21/91"
279;"()";"Guardian Legend, The";"()";;"Compile";"Brøderbund";"Nintendo";"April 1989";"02/20/92"
280;"()";"Guerrilla War";"()";;"SNK";"SNK";"SNK";"June 1989";1989
281;"()";"Gumshoe";"()";;"Nintendo Research & Development 1";"Nintendo";"Nintendo";"August 1986";"May 1988"
282;"()";"Gun-Nac";"()";;"Compile";"ASCII";"Unreleased";"September 1991";"Unreleased"
283;"()";"Gun.Smoke";"()";;"Capcom";"Capcom";"Capcom";"February 1988";"02/23/88"
284;"()";"Gyromite";"()";;"Nintendo Research & Development 1";"Nintendo";"Nintendo";"10/18/85";"09/01/86"
285;"()";"Gyruss";"()";;"Konami";"Ultra Games";"Unreleased";"February 1989";"Unreleased"
286;"()";"Hammerin' Harry";"()";;"Tamtex";"Unreleased";"Irem";"Unreleased";1992
287;"()";"Harlem Globetrotters";"()";;"Softie";"GameTek";"Unreleased";"March 1991";"Unreleased"
288;"()";"Hatris";"()";;"Bullet-Proof Software";"Bullet-Proof Software";"Unreleased";"April 1992";"Unreleased"
289;"()";"Heavy Barrel";"()";;"Data East";"Data East";"Unreleased";"March 1990";"Unreleased"
290;"(NA)";"Heavy Shreddin'";"()";;"Imagineering";"Parker Brothers";"Activision";"June 1990";1990
291;"(EU)";"Snowboard Challenge";"(NA)";"Heavy Shreddin'";"Imagineering";"Parker Brothers";"Activision";"June 1990";1990
292;"()";"High Speed";"()";;"Rare";"Tradewest";"Tradewest";"July 1991";"04/28/94"
293;"()";"Hogan's Alley";"()";;"Nintendo Research & Development 1, Intelligent Systems";"Nintendo";"Nintendo";"10/18/85";"12/15/87"
294;"()";"Hollywood Squares";"()";;"Rare";"GameTek";"Unreleased";"September 1989";"Unreleased"
295;"()";"Home Alone";"()";;"Bethesda Softworks";"THQ";"Unreleased";"October 1991";"Unreleased"
296;"()";"Home Alone 2: Lost in New York";"()";;"Imagineering";"THQ";"THQ";"October 1992";1992
297;"()";"Hook";"()";;"Painting by Numbers";"Sony Imagesoft";"Ocean Software";"April 1992";1992
298;"()";"Hoops";"()";;"Aicom";"Jaleco";"Jaleco";"June 1989";1989
299;"()";"Hudson Hawk";"()";;"Special FX";"Sony Imagesoft";"Ocean Software";"February 1992";1992
300;"()";"Hunt for Red October, The";"()";;"Beam Software";"Hi Tech Expressions";"Hi Tech Expressions";"January 1991";1992
301;"()";"Hydlide";"()";;"T&E Soft";"FCI";"Unreleased";"June 1989";"Unreleased"
302;"()";"Ice Climber";"()";;"Nintendo Research & Development 1";"Nintendo";"Nintendo";"10/18/85";"09/01/86"
303;"()";"Ice Hockey";"()";;"Nintendo Research & Development 2";"Nintendo";"Nintendo";"March 1988";"04/15/88"
304;"()";"Ikari Warriors";"()";;"Micronics";"SNK";"SNK";"May 1987";"08/10/89"
305;"()";"Ikari Warriors II: Victory Road";"()";;"Micronics";"SNK";"Unreleased";"April 1988";"Unreleased"
306;"()";"Ikari III: The Rescue";"()";;"SNK";"SNK";"Unreleased";"February 1991";"Unreleased"
307;"()";"Image Fight";"()";;"Lenar";"Irem";"Unreleased";"June 1990";"Unreleased"
308;"()";"Immortal, The";"()";;"Sandcastle";"Electronic Arts";"Unreleased";"November 1990";"Unreleased"
309;"()";"Incredible Crash Dummies, The";"()";;"Software Creations";"LJN";"LJN";"August 1994";"10/21/93"
310;"()";"Indiana Jones and the Last Crusade";"()";"NOT A DUP – developed by dif company";"Software Creations";"Taito";"Unreleased";"March 1991";"Unreleased"
311;"(NA)";"Indiana Jones and the Last Crusade";"()";;"NMS Software";"Ubisoft";"Ubisoft";"December 1993";1993
312;"(EU)";"Indy: Indiana Jones and the Last Crusade";"(NA)";"Indiana Jones and the Last Crusade";"NMS Software";"Ubisoft";"Ubisoft";"December 1993";1993
313;"()";"Indiana Jones and the Temple of Doom";"()";;"Tengen";"Mindscape";"Unreleased";"December 1988";"Unreleased"
314;"()";"Infiltrator";"()";;"Eastridge Technology";"Mindscape";"Unreleased";"January 1990";"Unreleased"
315;"()";"International Cricket";"()";;"Beam Software";"Unreleased";"Laser Beam Entertainment";"Unreleased";1992
316;"()";"Iron Tank: The Invasion of Normandy";"()";;"SNK";"SNK";"SNK";"July 1988";1988
317;"()";"Ironsword: Wizards & Warriors II";"()";;"Zippo Games";"Acclaim Entertainment";"Acclaim Entertainment";"December 1989";"03/27/91"
318;"()";"Isolated Warrior";"()";;"KID";"NTVIC";"Nintendo";"February 1991";1991
319;"()";"Ivan 'Ironman' Stewart's Super Off Road";"()";;"Rare";"Tradewest";"Nintendo";"April 1990";"03/14/91"
320;"()";"Jack Nicklaus' Greatest 18 Holes of Major Championship Golf";"()";;"Sculptured Software";"Konami";"Konami";"March 1990";"06/27/91"
321;"()";"Jackal";"()";;"Konami";"Konami";"Unreleased";"September 1988";"Unreleased"
322;"()";"Jackie Chan's Action Kung Fu";"()";;"Now Production";"Hudson Soft";"Hudson Soft";"December 1990";1991
323;"()";"James Bond Jr.";"()";;"Eurocom";"THQ";"THQ";"November 1992";1992
324;"()";"Jaws";"()";;"Escape/Westone";"LJN";"Unreleased";"November 1987";"Unreleased"
325;"()";"Jeopardy!";"()";;"Rare";"GameTek";"Unreleased";"September 1988";"Unreleased"
326;"()";"Jeopardy! 25th Anniversary Edition";"()";;"Rare";"GameTek";"Unreleased";"June 1990";"Unreleased"
327;"()";"Jeopardy! Junior Edition";"()";;"Rare";"GameTek";"Unreleased";"October 1989";"Unreleased"
328;"()";"Jetsons: Cogswell's Caper!, The";"()";;"Natsume";"Taito";"Taito";"December 1992";"08/26/93"
329;"()";"Jimmy Connors Tennis";"()";;"NMS Software";"Ubisoft";"Ubisoft";"November 1993";1993
330;"(NA)";"Joe & Mac";"()";;"Elite Systems";"Data East";"Elite Systems";"December 1992";1992
331;"(EU)";"Joe & Mac: Caveman Ninja";"(NA)";"Joe & Mac";"Elite Systems";"Data East";"Elite Systems";"December 1992";1992
332;"()";"John Elway's Quarterback";"()";;"Rare";"Tradewest";"Unreleased";"March 1989";"Unreleased"
333;"()";"Jordan vs. Bird: One on One";"()";;"Rare";"Milton Bradley Company";"Unreleased";"August 1989";"Unreleased"
334;"()";"Journey to Silius";"()";;"Sunsoft";"Sunsoft";"Sunsoft";"September 1990";"02/21/91"
335;"()";"Joust";"()";;"HAL Laboratory";"HAL America";"Unreleased";"October 1988";"Unreleased"
336;"()";"Jurassic Park";"()";;"Ocean Software";"Ocean Software";"Ocean Software";"June 1993";"12/28/93"
337;"()";"Kabuki: Quantum Fighter";"()";;"Human Entertainment";"HAL America";"Nintendo";"January 1991";"02/20/92"
338;"()";"Karate Champ";"()";;"Data East, Sakata SAS";"Data East";"Unreleased";"December 1986";"Unreleased"
339;"()";"Karate Kid, The";"()";;"Atlus";"LJN";"Unreleased";"November 1987";"Unreleased"
340;"()";"Karnov";"()";;"Data East, Sakata SAS";"Data East";"Unreleased";"January 1988";"Unreleased"
341;"()";"Kick Master";"()";;"KID";"Taito";"Unreleased";"January 1992";"Unreleased"
342;"()";"Kick Off";"()";;"Enigma Variations";"Unreleased";"Imagineer";"Unreleased";"07/22/92"
343;"()";"Kickle Cubicle";"()";;"Irem";"Irem";"Irem";"September 1990";1990
344;"()";"Kid Icarus";"()";;"Nintendo Research & Development 1, TOSE";"Nintendo";"Nintendo";"07/01/87";"02/15/87"
345;"()";"Kid Klown in Night Mayor World";"()";;"Kemco";"Kemco";"Unreleased";"April 1993";"Unreleased"
346;"()";"Kid Kool";"()";;"Vic Tokai";"Vic Tokai";"Unreleased";"March 1990";"Unreleased"
347;"()";"Kid Niki: Radical Ninja";"()";;"TOSE";"Data East";"Unreleased";"November 1987";"Unreleased"
348;"()";"King's Knight";"()";;"Square, Workss";"Square";"Unreleased";"September 1989";"Unreleased"
349;"()";"King's Quest V: Absence Makes the Heart Go Yonder!";"()";;"Novotrade International";"Konami";"Unreleased";"June 1992";"Unreleased"
350;"()";"Kings of the Beach";"()";;"Konami";"Ultra Games";"Unreleased";"January 1990";"Unreleased"
351;"()";"Kirby's Adventure";"()";;"HAL Laboratory";"Nintendo";"Nintendo";"05/01/93";"11/09/93"
352;"(NA)";"Kiwi Kraze";"()";;"Software Creations";"Taito";"Ocean Software";"March 1991";1991
353;"(EU)";"NewZealand Story, The";"(NA)";"Kiwi Kraze";"Software Creations";"Taito";"Ocean Software";"March 1991";1991
354;"()";"KlashBall";"()";;"The Bitmap Brothers";"SOFEL";"Unreleased";"July 1991";"Unreleased"
355;"()";"Knight Rider";"()";;"Pack-In-Video";"Acclaim Entertainment";"Acclaim Entertainment";"December 1989";"07/27/90"
356;"()";"Konami Hyper Soccer";"()";;"Konami";"Unreleased";"Konami";"Unreleased";1992
357;"()";"Krion Conquest, The";"()";;"Vic Tokai";"Vic Tokai";"Unreleased";"January 1991";"Unreleased"
358;"()";"Krusty's Fun House";"()";;"Audiogenic";"Acclaim Entertainment";"Acclaim Entertainment";"September 1992";1992
359;"()";"Kung Fu";"()";;"Nintendo";"Nintendo";"Nintendo";"10/18/85";1987
360;"()";"Kung-Fu Heroes";"()";;"Culture Brain";"Culture Brain";"Unreleased";"March 1989";"Unreleased"
361;"()";"Laser Invasion";"()";;"Konami";"Konami";"Unreleased";"June 1991";"Unreleased"
362;"()";"Last Action Hero";"()";;"Teeny Weeny Games";"Sony Imagesoft";"Unreleased";"October 1993";"Unreleased"
363;"()";"Last Ninja, The";"()";;"Beam Software";"Jaleco";"Unreleased";"February 1991";"Unreleased"
364;"()";"Last Starfighter, The";"()";;"Eastridge Technology";"Mindscape";"Unreleased";"June 1990";"Unreleased"
365;"()";"Lee Trevino's Fighting Golf";"()";;"SNK";"SNK";"SNK";"September 1988";"05/18/90"
366;"()";"Legacy of the Wizard";"()";;"Nihon Falcom";"Brøderbund";"Unreleased";"April 1989";"Unreleased"
367;"()";"Legend of Kage, The";"()";;"Taito";"Taito";"Unreleased";"August 1987";"Unreleased"
368;"()";"Legend of Prince Valiant, The";"()";;"Special FX Software";"Unreleased";"Ocean Software";"Unreleased";1992
369;"()";"Legend of the Ghost Lion";"()";;"Kemco";"Kemco";"Unreleased";"October 1992";"Unreleased"
370;"()";"Legend of Zelda, The";"()";;"Nintendo Research & Development 4";"Nintendo";"Nintendo";"08/22/87";"11/15/87"
371;"()";"Legendary Wings";"()";;"Capcom";"Capcom";"Unreleased";"July 1988";"Unreleased"
372;"()";"Legends of the Diamond";"()";;"TOSE";"Bandai";"Unreleased";"January 1992";"Unreleased"
373;"()";"Lemmings";"()";;"Ocean Software";"Sunsoft";"Sunsoft";"November 1992";"05/19/93"
374;"()";"L'Empereur";"()";;"Koei";"Koei";"Unreleased";"November 1991";"Unreleased"
375;"()";"Chevaliers du Zodiaque: La Légende d'or, Les";"()";;"TOSE";"Unreleased";"Bandai";"Unreleased";1987
376;"()";"Lethal Weapon";"()";;"Eurocom";"Ocean Software";"Ocean Software";"April 1993";1993
377;"(NA)";"Life Force";"()";;"Konami";"Konami";"Konami";"August 1988";"11/23/89"
378;"(EU)";"Life Force Salamander";"(NA)";"Life Force";"Konami";"Konami";"Konami";"August 1988";"11/23/89"
379;"()";"Little League Baseball: Championship Series";"()";;"SNK";"SNK";"Unreleased";"July 1990";"Unreleased"
380;"()";"Little Nemo: The Dream Master";"()";;"Capcom";"Capcom";"Nintendo";"September 1990";"12/12/91"
381;"()";"Little Ninja Brothers";"()";;"Culture Brain";"Culture Brain";"Culture Brain";"December 1990";1991
382;"()";"Little Samson";"()";;"Takeru";"Taito";"Taito";"November 1992";"03/18/93"
383;"()";"Lode Runner";"()";;"Hudson Soft";"Brøderbund";"Unreleased";"September 1987";"Unreleased"
384;"()";"Lone Ranger, The";"()";;"Konami";"Konami";"Unreleased";"August 1991";"Unreleased"
385;"()";"Loopz";"()";;"Audiogenic, Milestone srl";"Mindscape";"Unreleased";"October 1990";"Unreleased"
386;"()";"Low G Man: The Low Gravity Man";"()";;"KID";"Taxan";"Nintendo";"September 1990";1991
387;"()";"Lunar Pool";"()";;"Compile";"FCI";"FCI";"October 1987";1987
388;"(NA)";"M.C. Kids";"()";;"Virgin Interactive";"Virgin Interactive";"Ocean Software";"February 1992";"05/19/93"
389;"(EU)";"McDonaldland";"(NA)";"M.C. Kids";"Virgin Interactive";"Virgin Interactive";"Ocean Software";"February 1992";"05/19/93"
390;"()";"M.U.L.E.";"()";;"Eastridge Technology";"Mindscape";"Unreleased";"September 1990";"Unreleased"
391;"()";"M.U.S.C.L.E.";"()";;"TOSE";"Bandai";"Unreleased";"10/29/86";"Unreleased"
392;"()";"Mach Rider";"()";;"Nintendo";"Nintendo";"Nintendo";"August 1986";1987
393;"()";"Mad Max";"()";;"Eastridge Technology";"Mindscape";"Unreleased";"July 1990";"Unreleased"
394;"()";"Mafat Conspiracy: Golgo 13, The";"()";;"Aicom";"Vic Tokai";"Unreleased";"June 1990";"Unreleased"
395;"()";"Magic Darts";"()";;"SETA";"Romstar";"Unreleased";"September 1991";"Unreleased"
396;"()";"Magic Johnson's Fast Break";"()";;"Software Creations";"Tradewest";"Unreleased";"March 1990";"Unreleased"
397;"()";"Magic of Scheherazade, The";"()";;"Culture Brain";"Culture Brain";"Unreleased";"January 1990";"Unreleased"
398;"()";"Magician";"()";;"Eurocom";"Taxan";"Unreleased";"March 1990";"Unreleased"
399;"()";"MagMax";"()";;"Nihon Bussan";"FCI";"Unreleased";"October 1988";"Unreleased"
400;"()";"Mah Jong";"()";;"Nintendo";"Unreleased";"Unreleased";"Unreleased";"Unreleased"
401;"()";"Major League Baseball";"()";;"Atlus";"LJN";"Unreleased";"April 1988";"Unreleased"
402;"()";"Maniac Mansion";"()";;"Lucasfilm Games, Realtime Associates";"Jaleco";"Jaleco";"September 1990";"10/22/92"
403;"()";"Mappy-Land";"()";;"TOSE";"Taxan";"Unreleased";"April 1989";"Unreleased"
404;"()";"Marble Madness";"()";;"Rare";"Milton Bradley Company";"Milton Bradley Company";"March 1989";1989
405;"()";"Mario Bros.";"()";;"Nintendo Research & Development 1";"Nintendo";"Nintendo";"06/01/86";"09/01/86"
406;"()";"Mario Bros. (Classic Series)";"()";;"Nintendo Research & Development 1";"Unreleased";"Nintendo";"Unreleased";1993
407;"()";"Mario Is Missing!";"()";;"Radical Entertainment";"Software Toolworks";"Mindscape";"July 1993";"June 1994"
408;"()";"Mario's Time Machine";"()";;"Radical Entertainment";"Software Toolworks";"Unreleased";"June 1994";"Unreleased"
409;"()";"Mechanized Attack";"()";;"SNK";"SNK";"Unreleased";"June 1990";"Unreleased"
410;"()";"Mega Man";"()";;"Capcom";"Capcom";"Capcom";"December 1987";"12/13/89"
411;"()";"Mega Man 2";"()";;"Capcom";"Capcom";"Capcom";"June 1989";"12/14/90"
412;"()";"Mega Man 3";"()";;"Capcom";"Capcom";"Nintendo";"November 1990";"02/20/92"
413;"()";"Mega Man 4";"()";;"Capcom";"Capcom";"Nintendo";"January 1992";"01/21/93"
414;"()";"Mega Man 5";"()";;"Capcom";"Capcom";"Nintendo";"December 1992";"11/18/93"
415;"()";"Mega Man 6";"()";;"Capcom";"Nintendo";"Unreleased";"March 1994";"Unreleased"
416;"()";"Mendel Palace";"()";;"Game Freak";"Hudson Soft";"Unreleased";"October 1990";"Unreleased"
417;"()";"Metal Gear";"()";;"Konami";"Ultra Games";"Konami";"June 1988";1989
418;"()";"Metal Mech: Man & Machine";"()";;"Sculptured Software";"Jaleco";"Unreleased";"March 1991";"Unreleased"
419;"()";"Metal Storm";"()";;"Tamtex";"Irem";"Unreleased";"February 1991";"Unreleased"
420;"()";"Metroid";"()";;"Nintendo Research & Development 1, Intelligent Systems";"Nintendo";"Nintendo";"08/15/87";"01/15/88"
421;"()";"Michael Andretti's World GP";"()";;"Human Entertainment";"American Sammy";"Unreleased";"June 1990";"Unreleased"
422;"()";"Mickey Mousecapade";"()";;"Hudson Soft";"Capcom";"Unreleased";"October 1988";"Unreleased"
423;"()";"Mickey's Adventures in Numberland";"()";;"Beam Software";"Hi Tech Expressions";"Unreleased";"March 1994";"Unreleased"
424;"()";"Mickey's Safari in Letterland";"()";;"Beam Software";"Hi Tech Expressions";"Unreleased";"March 1993";"Unreleased"
425;"()";"Might and Magic Book One: The Secret of the Inner Sanctum";"()";;"New World Computing";"American Sammy";"Unreleased";"August 1992";"Unreleased"
426;"()";"Mighty Bomb Jack";"()";;"Tecmo";"Tecmo";"Tecmo";"July 1987";1987
427;"()";"Mighty Final Fight";"()";;"Capcom";"Capcom";"Capcom";"July 1993";1993
428;"()";"Mike Tyson's Punch-Out!!";"()";;"Nintendo Research & Development 3";"Nintendo";"Nintendo";"10/18/87";"12/15/87"
429;"()";"Millipede";"()";;"HAL Laboratory";"HAL America";"Unreleased";"October 1988";"Unreleased"
430;"()";"Milon's Secret Castle";"()";;"Hudson Soft";"Hudson Soft";"Unreleased";"September 1988";"Unreleased"
431;"()";"Miracle Piano Teaching System, The";"()";;"Software Toolworks";"Software Toolworks";"Mindscape";1990;1990
432;"()";"Mission: Impossible";"()";;"Konami";"Ultra Games";"Palcom Software";"September 1990";"11/28/91"
433;"()";"Monopoly";"()";;"Sculptured Software";"Parker Brothers";"Parker Brothers";"May 1991";"October 1992"
434;"()";"Monster in My Pocket";"()";;"Konami";"Konami";"Palcom Software";"January 1992";1992
435;"()";"Monster Party";"()";;"Human Entertainment";"Bandai";"Unreleased";"June 1989";"Unreleased"
436;"()";"Monster Truck Rally";"()";;"Realtime Associates";"INTV";"Unreleased";"September 1991";"Unreleased"
437;"()";"Motor City Patrol";"()";;"Source Research & Development";"Matchbox";"Unreleased";"January 1992";"Unreleased"
438;"()";"Mr. Gimmick";"()";;"Sunsoft";"Unreleased";"Sunsoft";"Unreleased";"05/19/93"
439;"()";"Ms. Pac-Man";"()";;"Now Production";"Namco";"Unreleased";"November 1993";"Unreleased"
440;"()";"Muppet Adventure: Chaos at the Carnival";"()";;"Mind's Eye";"Hi Tech Expressions";"Unreleased";"November 1990";"Unreleased"
441;"()";"Mutant Virus: Crisis in a Computer World, The";"()";;"Rocket Science Productions";"American Softworks";"Unreleased";"April 1992";"Unreleased"
442;"()";"Mystery Quest";"()";;"Carry Lab";"Taxan";"Unreleased";"April 1989";"Unreleased"
443;"()";"NARC";"()";;"Rare";"Acclaim Entertainment";"Unreleased";"August 1990";"Unreleased"
444;"()";"NES Open Tournament Golf";"()";;"Nintendo Research & Development 2";"Nintendo";"Nintendo";"09/29/91";"06/18/92"
445;"()";"NES Play Action Football";"()";;"TOSE";"Nintendo";"Unreleased";"September 1990";"Unreleased"
446;"()";"New Ghostbusters II";"()";;"HAL Laboratory";"Unreleased";"HAL Laboratory";"Unreleased";1990
447;"()";"NFL Football";"()";;"Atlus";"LJN";"Unreleased";"September 1989";"Unreleased"
448;"()";"Nigel Mansell's World Championship Racing";"()";;"Gremlin Graphics";"GameTek";"Gremlin Interactive";"October 1993";1993
449;"()";"Nightmare on Elm Street, A";"()";;"Rare";"LJN";"Unreleased";"October 1990";"Unreleased"
450;"()";"Nightshade";"()";;"Beam Software";"Ultra Games";"Unreleased";"January 1992";"Unreleased"
451;"()";"Ninja Crusaders";"()";;"NMK";"American Sammy";"Unreleased";"December 1990";"Unreleased"
452;"(NA)";"Ninja Gaiden";"()";;"Tecmo";"Tecmo";"Tecmo";"March 1989";"08/15/91"
453;"(EU)";"Shadow Warriors";"(NA)";"Ninja Gaiden";"Tecmo";"Tecmo";"Tecmo";"March 1989";"08/15/91"
454;"(NA)";"Ninja Gaiden II: The Dark Sword of Chaos";"()";;"Tecmo";"Tecmo";"Tecmo";"May 1990";"10/27/94"
455;"(EU)";"Shadow Warriors II";"(NA)";"Ninja Gaiden II: The Dark Sword of Chaos";"Tecmo";"Tecmo";"Tecmo";"May 1990";"10/27/94"
456;"()";"Ninja Gaiden III: The Ancient Ship of Doom";"()";;"Tecmo";"Tecmo";"Unreleased";"August 1991";"Unreleased"
457;"()";"Ninja Kid";"()";;"TOSE";"Bandai";"Unreleased";"10/29/86";"Unreleased"
458;"()";"Nintendo World Cup";"()";;"Techn?s Japan";"Nintendo";"Nintendo";"December 1990";"06/27/91"
459;"()";"Noah's Ark";"()";;"Source Research & Development";"Unreleased";"Konami";"Unreleased";1992
460;"()";"Nobunaga's Ambition";"()";;"Koei";"Koei";"Unreleased";"June 1989";"Unreleased"
461;"()";"Nobunaga's Ambition II";"()";;"Koei";"Koei";"Unreleased";"April 1991";"Unreleased"
462;"()";"North & South";"()";;"Kemco";"Kemco*Seika";"Infogrames";"December 1990";"01/23/92"
463;"()";"Operation Wolf";"()";;"Taito";"Taito";"Taito";"May 1989";1992
464;"()";"Orb-3D";"()";;"Software Toolworks";"Hi Tech Expressions";"Unreleased";"October 1990";"Unreleased"
465;"()";"Othello";"()";;"HAL Laboratory";"Acclaim Entertainment";"Unreleased";"December 1988";"Unreleased"
466;"()";"Over Horizon";"()";;"Pixel, Hot-B";"Unreleased";"Takara";"Unreleased";1991
467;"()";"Overlord";"()";;"Probe Software";"Virgin Interactive";"Unreleased";"January 1993";"Unreleased"
468;"()";"P.O.W.: Prisoners of War";"()";;"SNK";"SNK";"SNK";"September 1989";1989
469;"()";"Pac-Man";"()";;"Namco";"Tengen";"Unreleased";"October 1988";"Unreleased"
470;"()";"Pac-Man";"()";;"Namco";"Namco";"Nintendo";"November 1993";1993
471;"()";"Palamedes";"()";;"Natsume";"Hot-B";"Unreleased";"November 1990";"Unreleased"
472;"()";"Panic Restaurant";"()";;"EIM";"Taito";"Taito";"August 1992";"05/26/94"
473;"()";"Paperboy";"()";;"Eastridge Technology";"Mindscape";"Mindscape";"December 1988";"10/26/90"
474;"()";"Paperboy 2";"()";;"Eastridge Technology";"Mindscape";"Mindscape";"April 1992";"April 1992"
475;"()";"Parasol Stars: Rainbow Island II";"()";;"Ocean Software";"Unreleased";"Ocean Software";"Unreleased";1992
476;"()";"Parodius";"()";;"Konami";"Unreleased";"Palcom Software";"Unreleased";1992
477;"()";"Phantom Fighter";"()";;"Marionette, SRS";"FCI";"Unreleased";"April 1990";"Unreleased"
478;"()";"Pictionary";"()";;"Software Creations";"LJN";"Unreleased";"July 1990";"Unreleased"
479;"()";"Pinball";"()";;"Nintendo Research & Development 1";"Nintendo";"Nintendo";"10/18/85";"09/01/86"
480;"()";"Pinball Quest";"()";;"TOSE";"Jaleco";"Jaleco";"June 1990";1992
481;"()";"Pin*Bot";"()";;"Rare";"Nintendo";"Nintendo";"April 1990";1990
482;"()";"Pipe Dream";"()";;"Distinctive Software";"Bullet-Proof Software";"Unreleased";"September 1990";"Unreleased"
483;"()";"Pirates!";"()";;"Rare";"Ultra Games";"Palcom Software";"October 1991";"Unreleased"
484;"()";"Platoon";"()";;"Sunsoft";"Sunsoft";"Unreleased";"December 1988";"Unreleased"
485;"()";"Popeye";"()";;"Nintendo Research & Development 1";"Nintendo";"Nintendo";"06/06/86";1987
486;"()";"Power Blade";"()";;"Natsume";"Taito";"Taito";"March 1991";"01/23/92"
487;"()";"Power Blade 2";"()";;"Natsume";"Taito";"Unreleased";"October 1992";"Unreleased"
488;"()";"Power Punch II";"()";;"Beam Software";"American Softworks";"Unreleased";"June 1992";"Unreleased"
489;"()";"Predator";"()";;"Pack-In-Video";"Activision";"Actvision";"April 1989";1992
490;"()";"Prince of Persia";"()";;"MotiveTime";"Virgin Interactive";"Mindscape";"November 1992";"04/29/93"
491;"()";"Princess Tomato in the Salad Kingdom";"()";;"Hudson Soft";"Hudson Soft";"Unreleased";"February 1991";"Unreleased"
492;"()";"Pro Sport Hockey";"()";;"TOSE";"Jaleco";"Unreleased";"November 1993";"Unreleased"
493;"()";"Pro Wrestling";"()";;"Nintendo Research & Development 3";"Nintendo";"Nintendo";"March 1987";"09/15/87"
494;"()";"Punch-Out!! Featuring Mr. Dream";"()";;"Nintendo Research & Development 3";"Nintendo";"Nintendo";"August 1990";1991
495;"()";"Punisher, The";"()";;"Beam Software";"LJN";"Unreleased";"November 1990";"Unreleased"
496;"()";"Puss 'n Boots: Pero's Great Adventure";"()";;"Shouei System";"Electro Brain";"Unreleased";"June 1990";"Unreleased"
497;"()";"Puzznic";"()";;"Taito";"Taito";"Taito";"November 1990";"04/25/91"
498;"()";"Q*bert";"()";;"Konami";"Ultra Games";"Unreleased";"February 1989";"Unreleased"
499;"()";"Qix";"()";;"Novotrade International";"Taito";"Unreleased";"January 1991";"Unreleased"
500;"()";"R.B.I. Baseball";"()";;"Tengen";"Tengen";"Unreleased";"June 1988";"Unreleased"
501;"()";"R.C. Pro-Am";"()";;"Rare";"Nintendo";"Nintendo";"February 1988";"04/15/88"
502;"()";"R.C. Pro-Am II";"()";;"Rare";"Tradewest";"Tradewest";"December 1992";"09/23/93"
503;"()";"Racket Attack";"()";;"TOSE";"Jaleco";"Jaleco";"October 1988";"03/24/94"
504;"()";"Rackets & Rivals";"()";;"Konami";"Unreleased";"Palcom Software";"Unreleased";1993
505;"()";"Rad Racer";"()";;"Square";"Nintendo";"Nintendo";"10/01/87";"01/15/88"
506;"()";"Rad Racer II";"()";;"Square";"Square";"Unreleased";"June 1990";"Unreleased"
507;"()";"Raid on Bungeling Bay";"()";;"Hudson Soft";"Brøderbund";"Unreleased";"September 1987";"Unreleased"
508;"()";"Rainbow Islands";"()";;"Taito";"Taito";"Unreleased";"June 1991";"Unreleased"
509;"()";"Rainbow Islands: Bubble Bobble 2";"()";;"Ocean Software";"Unreleased";"Ocean Software";"Unreleased";1991
510;"()";"Rally Bike";"()";;"Toaplan";"Romstar";"Unreleased";"September 1990";"Unreleased"
511;"()";"Rambo";"()";;"Pack-In-Video";"Acclaim Entertainment";"Unreleased";"May 1988";"Unreleased"
512;"()";"Rampage";"()";;"Data East";"Data East";"Unreleased";"December 1988";"Unreleased"
513;"()";"Rampart";"()";;"Bitmasters";"Jaleco";"Jaleco";"January 1992";1992
514;"()";"Remote Control";"()";;"Riedel Software Productions";"Hi Tech Expressions";"Unreleased";"May 1990";"Unreleased"
515;"()";"Ren & Stimpy Show: Buckeroo$!, The";"()";;"Imagineering";"THQ";"Unreleased";"November 1993";"Unreleased"
516;"()";"Renegade";"()";;"Techn?s Japan";"Taito";"Unreleased";"January 1988";"Unreleased"
517;"()";"Rescue: The Embassy Mission";"()";;"Kemco";"Kemco*Seika";"Kemco";"January 1990";"03/27/91"
518;"()";"Ring King";"()";;"Jastec, Neue Design";"Data East";"Unreleased";"September 1987";"Unreleased"
519;"(NA)";"River City Ransom";"()";;"Techn?s Japan";"Techn?s Japan";"Infogrames";"January 1990";1991
520;"(EU)";"Street Gangs";"(NA)";"River City Ransom";"Techn?s Japan";"Techn?s Japan";"Infogrames";"January 1990";1991
521;"()";"Road Fighter";"()";;"Konami";"Unreleased";"Palcom Software";"Unreleased";1992
522;"()";"RoadBlasters";"()";;"Beam Software";"Mindscape";"Mindscape";"January 1990";1990
523;"()";"Robin Hood: Prince of Thieves";"()";;"Sculptured Software";"Virgin Interactive";"Mindscape";"November 1991";"12/10/92"
524;"()";"RoboCop";"()";;"Data East, Sakata SAS";"Data East";"Ocean Software";"December 1989";"04/25/91"
525;"()";"RoboCop 2";"()";;"Painting by Numbers";"Data East";"Ocean Software";"April 1991";1991
526;"()";"RoboCop 3";"()";;"Probe Software";"Ocean Software";"Ocean Software";"August 1992";"07/28/94"
527;"()";"Robowarrior";"()";;"Hudson Soft, Aicom";"Jaleco";"Jaleco";"December 1988";"09/27/89"
528;"()";"Rock 'n' Ball";"()";;"KID";"NTVIC";"Unreleased";"January 1990";"Unreleased"
529;"()";"Rocket Ranger";"()";;"Beam Software";"Kemco*Seika";"Unreleased";"June 1990";"Unreleased"
530;"()";"Rocketeer, The";"()";;"Ironwind Software";"Bandai";"Unreleased";"May 1991";"Unreleased"
531;"()";"Rockin' Kats";"()";;"Atlus";"Atlus";"Atlus";"September 1991";"11/19/92"
532;"()";"Rod Land";"()";;"The Sales Curve";"Unreleased";"Storm";"Unreleased";1993
533;"()";"Roger Clemens' MVP Baseball";"()";;"Sculptured Software";"LJN";"Unreleased";"October 1991";"Unreleased"
534;"()";"Rollerball";"()";;"HAL Laboratory";"HAL America";"HAL Laboratory";"February 1990";1992
535;"()";"Rollerblade Racer";"()";;"Radiance";"Hi Tech Expressions";"Unreleased";"February 1993";"Unreleased"
536;"()";"RollerGames";"()";;"Konami";"Ultra Games";"Konami";"September 1990";"10/24/91"
537;"()";"Romance of the Three Kingdoms";"()";;"Koei";"Koei";"Unreleased";"October 1989";"Unreleased"
538;"()";"Romance of the Three Kingdoms II";"()";;"Koei";"Koei";"Unreleased";"September 1991";"Unreleased"
539;"()";"Roundball: 2 on 2 Challenge";"()";;"Park Place Productions";"Mindscape";"Mindscape";"05/27/92";1992
540;"()";"Rush'n Attack";"()";;"Konami";"Konami";"Konami";"April 1987";1988
541;"()";"Rygar";"()";;"Tecmo";"Tecmo";"Tecmo";"July 1987";"03/30/90"
542;"(NA)";"S.C.A.T.: Special Cybernetic Attack Team";"()";;"Natsume";"Natsume";"Infogrames";"June 1991";1992
543;"(EU)";"Action in New York";"(NA)";"S.C.A.T.: Special Cybernetic Attack Team";"Natsume";"Natsume";"Infogrames";"June 1991";1992
544;"()";"Section Z";"()";;"Capcom";"Capcom";"Capcom";"July 1987";"09/27/89"
545;"()";"Seicross";"()";;"Nichibutsu";"FCI";"Unreleased";"October 1988";"Unreleased"
546;"()";"Sesame Street: 1-2-3";"()";;"Zippo Games";"Hi Tech Expressions";"Unreleased";"January 1989";"Unreleased"
547;"()";"Sesame Street: A-B-C";"()";;"Zippo Games";"Hi Tech Expressions";"Unreleased";"September 1989";"Unreleased"
548;"()";"Sesame Street: A-B-C/1-2-3";"()";;"Zippo Games";"Hi Tech Expressions";"Unreleased";"November 1991";"Unreleased"
549;"()";"Sesame Street: Big Bird's Hide & Speak";"()";;"Riedel Software Productions";"Hi Tech Expressions";"Unreleased";"October 1990";"Unreleased"
550;"()";"Sesame Street: Countdown";"()";;"Riedel Software Productions";"Hi Tech Expressions";"Unreleased";"February 1992";"Unreleased"
551;"(NA)";"Shadow of the Ninja";"()";;"Natsume";"Natsume";"Taito";"December 1990";"07/25/91"
552;"(EU)";"Blue Shadow";"(NA)";"Shadow of the Ninja";"Natsume";"Natsume";"Taito";"December 1990";"07/25/91"
553;"()";"Shadowgate";"()";;"Kemco";"Kemco*Seika";"Kemco";"December 1989";"05/30/91"
554;"()";"Shatterhand";"()";;"Natsume";"Jaleco";"Jaleco";"December 1991";"11/19/92"
555;"()";"Shingen the Ruler";"()";;"Another";"Hot-B";"Unreleased";"June 1990";"Unreleased"
556;"()";"Shooting Range";"()";;"TOSE";"Bandai";"Unreleased";"June 1989";"Unreleased"
557;"()";"Short Order / Eggsplode!";"()";;"TOSE";"Nintendo";"Unreleased";"December 1989";"Unreleased"
558;"()";"Side Pocket";"()";;"Data East";"Data East";"Data East";"11/30/87";"05/27/92"
559;"()";"Silent Service";"()";;"Rare";"Ultra Games";"Konami";"December 1989";"11/23/90"
560;"()";"Silkworm";"()";;"Sammy Japan";"American Sammy";"Unreleased";"June 1990";"Unreleased"
561;"()";"Silver Surfer";"()";;"Software Creations";"Arcadia Systems";"Unreleased";"November 1990";"Unreleased"
562;"()";"Simpsons: Bart vs. the Space Mutants, The";"()";;"Imagineering";"Acclaim Entertainment";"Acclaim Entertainment";"February 1991";"12/12/91"
563;"()";"Simpsons: Bart vs. the World, The";"()";;"Imagineering";"Acclaim Entertainment";"Acclaim Entertainment";"December 1991";"10/22/92"
564;"()";"Simpsons: Bartman Meets Radioactive Man, The";"()";;"Imagineering";"Acclaim Entertainment";"Acclaim Entertainment";"December 1992";1992
565;"()";"Skate or Die!";"()";;"Konami";"Ultra Games";"Palcom Software";"December 1988";"08/17/90"
566;"()";"Skate or Die 2: The Search for Double Trouble";"()";;"Electronic Arts";"Electronic Arts";"Unreleased";"September 1990";"Unreleased"
567;"()";"Ski or Die";"()";;"Konami";"Ultra Games";"Palcom Software";"February 1991";"10/24/91"
568;"()";"Sky Kid";"()";;"Namco";"Sunsoft";"Unreleased";"September 1987";"Unreleased"
569;"()";"Sky Shark";"()";;"Software Creations";"Taito";"Unreleased";"September 1989";"Unreleased"
570;"()";"Slalom";"()";;"Rare";"Nintendo";"Nintendo";"March 1987";"10/15/87"
571;"()";"Smash TV";"()";;"Beam Software";"Acclaim Entertainment";"Acclaim Entertainment";"September 1991";1991
572;"()";"Smurfs, The";"()";;"Bit Managers";"Unreleased";"Infogrames";"Unreleased";1994
573;"()";"Snake Rattle 'n' Roll";"()";;"Rare";"Nintendo";"Nintendo";"July 1990";"03/27/91"
574;"()";"Snake's Revenge";"()";;"Konami";"Ultra Games";"Konami";"April 1990";"March 1991"
575;"()";"Snoopy's Silly Sports Spectacular";"()";;"Kemco";"Kemco*Seika";"Unreleased";"April 1990";"Unreleased"
576;"()";"Snow Brothers";"()";;"Soft House";"Capcom";"Capcom";"November 1991";1991
577;"()";"Soccer";"()";;"Intelligent Systems";"Nintendo";"Nintendo";"10/18/85";"01/15/87"
578;"()";"Solar Jetman: Hunt for the Golden Warpship";"()";;"Zippo Games";"Tradewest";"Nintendo";"September 1990";"09/26/91"
579;"()";"Solomon's Key";"()";;"Tecmo";"Tecmo";"Tecmo";"July 1987";"03/30/90"
580;"()";"Solstice: The Quest for the Staff of Demnos";"()";;"Software Creations";"CSG Imagesoft";"Nintendo";"June 1990";"09/26/91"
581;"()";"Space Shuttle Project";"()";;"Imagineering";"Absolute Entertainment";"Unreleased";"November 1991";"Unreleased"
582;"()";"Spelunker";"()";;"Tamtex, TOSE";"Brøderbund";"Unreleased";"September 1987";"Unreleased"
583;"()";"Spider-Man: Return of the Sinister Six";"()";;"Bits Studios";"LJN";"LJN";"October 1992";1992
584;"()";"Spot: The Video Game";"()";;"Virgin Mastertronic";"Arcadia Systems";"Unreleased";"September 1990";"Unreleased"
585;"()";"Spy Hunter";"()";;"Sunsoft";"Sunsoft";"Unreleased";"September 1987";"Unreleased"
586;"()";"Spy vs. Spy";"()";;"Kemco";"Kemco*Seika";"Kemco";"October 1988";"07/27/90"
587;"()";"Sqoon";"()";;"Home Data";"Irem";"Unreleased";"September 1987";"Unreleased"
588;"()";"Stack-Up";"()";;"Nintendo Research & Development 1";"Nintendo";"Nintendo";"10/18/85";"September 1986"
589;"()";"Stadium Events";"()";;"Human Entertainment";"Bandai";"Bandai";"September 1987";1988
590;"()";"Stanley: The Search for Dr. Livingston";"()";;"Sculptured Software";"Electro Brain";"Unreleased";"October 1992";"Unreleased"
591;"()";"Star Force";"()";;"Hudson Soft";"Tecmo";"Tecmo";"November 1987";"04/27/90"
592;"()";"Star Soldier";"()";;"Hudson Soft";"Taxan";"Unreleased";"January 1989";"Unreleased"
593;"()";"Star Trek: 25th Anniversary";"()";;"Interplay Entertainment";"Ultra Games";"Palcom Software";"February 1992";1992
594;"()";"Star Trek: The Next Generation";"()";;"Imagineering";"Absolute Entertainment";"Unreleased";"September 1993";"Unreleased"
595;"()";"Star Voyager";"()";;"ASCII";"Acclaim Entertainment";"Unreleased";"September 1987";"Unreleased"
596;"()";"Star Wars";"()";;"Lucasfilm Games, Beam Software";"JVC Musical Industries";"JVC Musical Industries";"November 1991";"03/26/92"
597;"()";"Star Wars: The Empire Strikes Back";"()";;"Lucasfilm Games, Sculptured Software";"JVC Musical Industries";"JVC Musical Industries";"March 1992";1992
598;"()";"Starship Hector";"()";;"Hudson Soft";"Hudson Soft";"Unreleased";"June 1990";"Unreleased"
599;"()";"StarTropics";"()";;"Nintendo Research & Development 3, Locomotive Corporation";"Nintendo";"Nintendo";"12/01/90";"08/20/92"
600;"()";"Stealth ATF";"()";;"Imagineering";"Activision";"Nintendo";"October 1989";"05/30/91"
601;"()";"Stinger";"()";;"Konami";"Konami";"Unreleased";"September 1987";"Unreleased"
602;"()";"Street Cop";"()";;"Human Entertainment";"Bandai";"Unreleased";"June 1989";"Unreleased"
603;"()";"Street Fighter 2010: The Final Fight";"()";;"Capcom";"Capcom";"Unreleased";"September 1990";"Unreleased"
604;"()";"Strider";"()";;"Capcom";"Capcom";"Unreleased";"July 1989";"Unreleased"
605;"(NA)";"Super C";"()";;"Konami";"Konami";"Konami";"April 1990";1992
606;"(EU)";"Probotector II: Return of The Evil Forces";"(NA)";"Super C";"Konami";"Konami";"Konami";"April 1990";1992
607;"()";"Super Cars";"()";;"Magnetic Fields";"Electro Brain";"Unreleased";"February 1991";"Unreleased"
608;"()";"Super Dodge Ball";"()";;"Techn?s Japan";"CSG Imagesoft";"Unreleased";"July 1989";"Unreleased"
609;"()";"Super Glove Ball";"()";;"Rare";"Mattel";"Unreleased";"October 1990";"Unreleased"
610;"()";"Super Jeopardy!";"()";;"Imagitec";"GameTek";"Unreleased";"September 1991";"Unreleased"
611;"()";"Super Mario Bros.";"()";;"Nintendo Research & Development 4";"Nintendo";"Nintendo";"10/18/85";1987
612;"()";"Super Mario Bros./Duck Hunt";"()";;"Nintendo";"Nintendo";"Nintendo";"November 1988";"December 1988"
613;"()";"Super Mario Bros./Duck Hunt/World Class Track Meet";"()";;"Nintendo, Human Entertainment";"Nintendo";"Unreleased";"December 1990";"Unreleased"
614;"()";"Super Mario Bros./Tetris/Nintendo World Cup";"()";;"Nintendo, Techn?s Japan";"Unreleased";"Nintendo";"Unreleased";1991
615;"()";"Super Mario Bros. 2";"()";;"Nintendo Research & Development 4";"Nintendo";"Nintendo";"10/09/88";"04/28/89"
616;"()";"Super Mario Bros. 3";"()";;"Nintendo Research & Development 4";"Nintendo";"Nintendo";"02/12/90";"08/29/91"
617;"()";"Super Pitfall";"()";;"Micronics";"Activision";"Unreleased";"November 1987";"Unreleased"
618;"()";"Super Spike V'Ball";"()";;"Techn?s Japan";"Nintendo";"Nintendo";"February 1990";"01/23/92"
619;"()";"Super Spike V'Ball/Nintendo World Cup";"()";;"Nintendo, Techn?s Japan";"Nintendo";"Unreleased";"December 1990";"Unreleased"
620;"()";"Super Spy Hunter";"()";;"Sunsoft";"Sunsoft";"Sunsoft";"February 1992";1992
621;"()";"Super Team Games";"()";;"Human Entertainment";"Nintendo";"Unreleased";"November 1988";"Unreleased"
622;"()";"Super Turrican";"()";;"Manfred Trenz";"Unreleased";"Imagineer";"Unreleased";1992
623;"()";"Superman";"()";;"Kemco";"Kemco*Seika";"Unreleased";"December 1988";"Unreleased"
624;"()";"Swamp Thing";"()";;"Imagineering";"THQ";"THQ";"December 1992";1992
625;"()";"Sword Master";"()";;"Athena";"Activision";"Activision";"January 1992";"01/21/93"
626;"()";"Swords and Serpents";"()";;"Interplay Entertainment";"Acclaim Entertainment";"Acclaim Entertainment";"August 1990";"11/28/91"
627;"()";"Taboo: The Sixth Sense";"()";;"Rare";"Tradewest";"Unreleased";"April 1989";"Unreleased"
628;"()";"Tag Team Wrestling";"()";;"Data East, Sakata SAS";"Data East";"Unreleased";"October 1986";"Unreleased"
629;"()";"TaleSpin";"()";;"Capcom";"Capcom";"Capcom";"December 1991";"09/24/92"
630;"()";"Target: Renegade";"()";;"Software Creations";"Taito";"Unreleased";"March 1990";"Unreleased"
631;"()";"Tecmo Baseball";"()";;"Tecmo";"Tecmo";"Unreleased";"January 1989";"Unreleased"
632;"()";"Tecmo Bowl";"()";;"Tecmo";"Tecmo";"Unreleased";"February 1989";"Unreleased"
633;"(NA)";"Tecmo Cup Soccer Game";"()";;"Tecmo";"Tecmo";"Tecmo";"September 1992";"09/24/92"
634;"(EU)";"Tecmo Cup: Football Game";"(NA)";"Tecmo Cup Soccer Game";"Tecmo";"Tecmo";"Tecmo";"September 1992";"09/24/92"
635;"()";"Tecmo NBA Basketball";"()";;"Sculptured Software";"Tecmo";"Unreleased";"November 1992";"Unreleased"
636;"()";"Tecmo Super Bowl";"()";;"Tecmo";"Tecmo";"Unreleased";"December 1991";"Unreleased"
637;"()";"Tecmo World Cup Soccer";"()";;"Tecmo";"Unreleased";"Tecmo";"Unreleased";1991
638;"()";"Tecmo World Wrestling";"()";;"Tecmo";"Tecmo";"Tecmo";"April 1990";"11/23/90"
639;"(NA/AU)";"Teenage Mutant Ninja Turtles";"()";;"Konami";"Ultra Games";"Palcom Software";"June 1989";"08/17/90"
640;"(EU)";"Teenage Mutant Hero Turtles";"(NA/AU)";"Teenage Mutant Ninja Turtles";"Konami";"Ultra Games";"Palcom Software";"June 1989";"08/17/90"
641;"(NA/AU)";"Teenage Mutant Ninja Turtles II: The Arcade Game";"()";;"Konami";"Ultra Games";"Konami";"December 1990";"11/14/91"
642;"(EU)";"Teenage Mutant Hero Turtles II: The Arcade Game";"(NA/AU)";"Teenage Mutant Ninja Turtles II: The Arcade Game";"Konami";"Ultra Games";"Konami";"December 1990";"11/14/91"
643;"()";"Teenage Mutant Ninja Turtles III: The Manhattan Project";"()";;"Konami";"Konami";"Unreleased";"02/01/92";"Unreleased"
644;"(NA)";"Teenage Mutant Ninja Turtles: Tournament Fighters";"()";;"Konami";"Konami";"Konami";"February 1994";1994
645;"(EU)";"Teenage Mutant Hero Turtles: Tournament Fighters";"(NA)";"Teenage Mutant Ninja Turtles: Tournament Fighters";"Konami";"Konami";"Konami";"February 1994";1994
646;"()";"Tennis";"()";;"Nintendo Research & Development 1, Intelligent Systems";"Nintendo";"Nintendo";"10/18/85";"09/01/86"
647;"()";"Terminator, The";"()";;"Radical Entertainment";"Mindscape";"Mindscape";"December 1992";1992
648;"()";"Terminator 2: Judgment Day";"()";;"Software Creations";"LJN";"LJN";"February 1992";1992
649;"()";"Terra Cresta";"()";;"Nihon Bussan";"Vic Tokai";"Unreleased";"March 1990";"Unreleased"
650;"()";"Tetris";"()";;"Nintendo Research & Development 1";"Nintendo";"Nintendo";"November 1989";"02/23/90"
651;"()";"Tetris 2";"()";;"TOSE";"Nintendo";"Nintendo";"October 1993";1993
652;"()";"Three Stooges, The";"()";;"Beam Software";"Activision";"Unreleased";"October 1989";"Unreleased"
653;"()";"Thunder & Lightning";"()";;"Visco Corporation";"Romstar";"Unreleased";"December 1990";"Unreleased"
654;"()";"Thunderbirds";"()";;"Pack-In-Video";"Activision";"Unreleased";"September 1990";"Unreleased"
655;"()";"Thundercade";"()";;"Micronics";"American Sammy";"Unreleased";"July 1989";"Unreleased"
656;"()";"Tiger-Heli";"()";;"Micronics";"Acclaim Entertainment";"Acclaim Entertainment";"September 1987";"01/17/90"
657;"()";"Time Lord";"()";;"Rare";"Milton Bradley Company";"Milton Bradley Company";"September 1990";1990
658;"()";"Times of Lore";"()";;"Toho";"Toho";"Unreleased";"May 1991";"Unreleased"
659;"()";"Tiny Toon Adventures";"()";;"Konami";"Konami";"Konami";"December 1991";"10/22/92"
660;"()";"Tiny Toon Adventures 2: Trouble in Wackyland";"()";;"Konami";"Konami";"Konami";"April 1993";"01/27/94"
661;"()";"Tiny Toon Adventures Cartoon Workshop";"()";;"Novotrade International";"Konami";"Konami";"December 1992";1992
662;"()";"To the Earth";"()";;"Cirque Verte";"Nintendo";"Nintendo";"November 1989";"02/23/90"
663;"()";"Toki";"()";;"Daiei Seisakusho";"Taito";"Unreleased";"December 1991";"Unreleased"
664;"()";"Tom and Jerry";"()";;"Software Creations";"Hi Tech Expressions";"Hi Tech Expressions";"December 1991";"10/22/92"
665;"()";"Tombs & Treasure";"()";;"Compile";"Infocom";"Unreleased";"June 1991";"Unreleased"
666;"()";"Top Gun";"()";;"Konami";"Konami";"Konami";"November 1987";"11/30/88"
667;"()";"Top Gun: The Second Mission";"()";;"Konami";"Konami";"Konami";"January 1990";"10/24/91"
668;"(NA)";"Top Players' Tennis";"()";;"Home Data";"Asmik";"Nintendo";"January 1990";"July 1992"
669;"(EU)";"Four Players' Tennis";"(NA)";"Top Players' Tennis";"Home Data";"Asmik";"Nintendo";"January 1990";"July 1992"
670;"()";"Total Recall";"()";;"Interplay Entertainment";"Acclaim Entertainment";"Acclaim Entertainment";"August 1990";1990
671;"()";"Totally Rad";"()";;"Aicom";"Jaleco";"Jaleco";"March 1991";1991
672;"()";"Touch Down Fever";"()";;"SNK";"SNK";"Unreleased";"February 1991";"Unreleased"
673;"()";"Town & Country Surf Designs: Wood & Water Rage";"()";;"Atlus";"LJN";"Unreleased";"February 1988";"Unreleased"
674;"()";"Town & Country II: Thrilla's Surfari";"()";;"Sculptured Software";"LJN";"Unreleased";"March 1992";"Unreleased"
675;"()";"Toxic Crusaders";"()";;"TOSE";"Bandai";"Unreleased";"April 1992";"Unreleased"
676;"(NA)";"Track & Field";"()";;"Konami";"Konami";"Kemco";"April 1987";1992
677;"(EU)";"Track & Field in Barcelona";"(NA)";"Track & Field";"Konami";"Konami";"Kemco";"April 1987";1992
678;"()";"Track & Field II";"()";;"Konami";"Konami";"Konami";"June 1989";"11/22/89"
679;"()";"Treasure Master";"()";;"Software Creations";"American Softworks";"Unreleased";"December 1991";"Unreleased"
680;"()";"Trog!";"()";;"Visual Concepts";"Acclaim Entertainment";"Acclaim Entertainment";"October 1991";1991
681;"()";"Trojan";"()";;"Capcom";"Capcom";"Capcom";"February 1987";"03/23/89"
682;"()";"Trolls in Crazyland, The";"()";;"KID";"Unreleased";"American Softworks";"Unreleased";1993
683;"()";"Twin Cobra";"()";;"Micronics";"American Sammy";"Unreleased";"January 1990";"Unreleased"
684;"()";"Twin Eagle";"()";;"SETA";"Romstar";"Unreleased";"October 1989";"Unreleased"
685;"()";"Ufouria: The Saga";"()";;"Sunsoft";"Unreleased";"Sunsoft";"Unreleased";"11/19/92"
686;"()";"Ultima III: Exodus";"()";;"Newtopia Planning";"FCI";"Unreleased";"February 1989";"Unreleased"
687;"()";"Ultima IV: Quest of the Avatar";"()";;"Atelier Double, Infinity";"FCI";"Unreleased";"December 1990";"Unreleased"
688;"()";"Ultima V: Warriors of Destiny";"()";;"Origin Systems";"FCI";"Unreleased";"January 1993";"Unreleased"
689;"()";"Ultimate Air Combat";"()";;"Activision";"Activision";"Activision";"April 1992";"November 1992"
690;"()";"Ultimate Basketball";"()";;"Aicom";"American Sammy";"Unreleased";"September 1990";"Unreleased"
691;"()";"Uncanny X-Men, The";"()";;"Pixel";"LJN";"Unreleased";"December 1989";"Unreleased"
692;"()";"Uncharted Waters";"()";;"Koei";"Koei";"Unreleased";"November 1991";"Unreleased"
693;"()";"Uninvited";"()";;"Kemco";"Kemco*Seika";"Unreleased";"June 1991";"Unreleased"
694;"()";"Untouchables, The";"()";;"Special FX Software";"Ocean Software";"Unreleased";"January 1991";"Unreleased"
695;"()";"Urban Champion";"()";;"Nintendo Research & Development 1";"Nintendo";"Nintendo";"August 1986";1987
696;"()";"Vegas Dream";"()";;"HAL Laboratory";"HAL America";"Unreleased";"March 1990";"Unreleased"
697;"()";"Vice: Project Doom";"()";;"Aicom";"American Sammy";"Unreleased";"November 1991";"Unreleased"
698;"()";"Videomation";"()";;"FarSight Studios";"THQ";"Unreleased";"June 1991";"Unreleased"
699;"()";"Volleyball";"()";;"Nintendo Research & Development 1";"Nintendo";"Nintendo";"March 1987";"11/15/87"
700;"()";"Wacky Races";"()";;"Atlus";"Atlus";"Unreleased";"May 1992";"Unreleased"
701;"()";"Wall Street Kid";"()";;"SOFEL";"SOFEL";"Unreleased";"June 1990";"Unreleased"
702;"()";"Wario's Woods";"()";;"Nintendo Research & Development 1";"Nintendo";"Nintendo";"12/10/94";1994
703;"()";"Wayne Gretzky Hockey";"()";;"Bethesda Softworks";"THQ";"Unreleased";"January 1991";"Unreleased"
704;"()";"Wayne's World";"()";;"Radical Entertainment";"THQ";"Unreleased";"November 1993";"Unreleased"
705;"()";"WCW Wrestling";"()";;"Nichibutsu";"FCI";"Unreleased";"April 1990";"Unreleased"
706;"()";"Werewolf: The Last Warrior";"()";;"Data East, Sakata SAS";"Data East";"Data East";"November 1990";"09/26/91"
707;"()";"Wheel of Fortune";"()";;"Rare";"GameTek";"Unreleased";"September 1988";"Unreleased"
708;"()";"Wheel of Fortune Family Edition";"()";;"Rare";"GameTek";"Unreleased";"March 1990";"Unreleased"
709;"()";"Wheel of Fortune: Featuring Vanna White";"()";;"Imagitec";"GameTek";"Unreleased";"January 1992";"Unreleased"
710;"()";"Wheel of Fortune Junior Edition";"()";;"Rare";"GameTek";"Unreleased";"October 1989";"Unreleased"
711;"()";"Where in Time Is Carmen Sandiego?";"()";;"Distinctive Software";"Konami";"Unreleased";"October 1991";"Unreleased"
712;"()";"Where's Waldo?";"()";;"Bethesda Softworks";"THQ";"Unreleased";"09/17/91";"Unreleased"
713;"()";"Who Framed Roger Rabbit";"()";;"Rare";"LJN";"Unreleased";"September 1989";"Unreleased"
714;"()";"Whomp 'Em";"()";;"Jaleco";"Jaleco";"Unreleased";"March 1991";"Unreleased"
715;"()";"Widget";"()";;"Graphic Research";"Atlus";"Unreleased";"November 1992";"Unreleased"
716;"()";"Wild Gunman";"()";;"Nintendo Research & Development 1, Intelligent Systems";"Nintendo";"Nintendo";"10/18/85";"08/22/87"
717;"()";"Willow";"()";;"Capcom";"Capcom";"Capcom";"December 1989";"11/28/91"
718;"()";"Win, Lose, or Draw";"()";;"Riedel Software Productions";"Hi Tech Expressions";"Unreleased";"March 1990";"Unreleased"
719;"()";"Winter Games";"()";;"Atelier Double";"Acclaim Entertainment";"Unreleased";"September 1987";"Unreleased"
720;"()";"Wizardry: Proving Grounds of the Mad Overlord";"()";;"Sir-Tech";"Nexoft";"Unreleased";"July 1990";"Unreleased"
721;"()";"Wizardry II: The Knight of Diamonds";"()";;"Sir-Tech";"ASCII";"Unreleased";"April 1992";"Unreleased"
722;"()";"Wizards & Warriors";"()";;"Rare";"Acclaim Entertainment";"Acclaim Entertainment";"December 1987";"01/17/90"
723;"(NA)";"Wizards & Warriors III: Kuros: Visions of Power";"()";;"Zippo Games";"Acclaim Entertainment";"Acclaim Entertainment";"March 1992";"01/21/93"
724;"(EU)";"Wizards & Warriors III";"(NA)";"Wizards & Warriors III: Kuros: Visions of Power";"Zippo Games";"Acclaim Entertainment";"Acclaim Entertainment";"March 1992";"01/21/93"
725;"()";"Wolverine";"()";;"Software Creations";"LJN";"Unreleased";"October 1991";"Unreleased"
726;"()";"World Champ";"()";;"Pixel";"Romstar";"Taito";"April 1991";"April 1991"
727;"()";"World Class Track Meet";"()";;"Human Entertainment";"Nintendo";"Unreleased";"August 1988";"Unreleased"
728;"()";"World Games";"()";;"Software Creations";"Milton Bradley Company";"Unreleased";"March 1989";"Unreleased"
729;"()";"Wrath of the Black Manta";"()";;"AI";"Taito";"Taito";"April 1990";"01/24/91"
730;"()";"Wrecking Crew";"()";;"Nintendo Research & Development 1";"Nintendo";"Nintendo";"10/18/85";1987
731;"()";"Wurm: Journey to the Center of the Earth";"()";;"Cyclone System";"Asmik";"Unreleased";"November 1991";"Unreleased"
732;"()";"WWF King of the Ring";"()";;"Gray Matter Interactive, Eastridge Technology";"LJN";"LJN";"November 1993";"November 1993"
733;"()";"WWF WrestleMania";"()";;"Rare";"Acclaim Entertainment";"Acclaim Entertainment";"January 1989";1989
734;"()";"WWF WrestleMania Challenge";"()";;"Rare";"LJN";"LJN";"November 1990";1991
735;"()";"WWF WrestleMania: Steel Cage Challenge";"()";;"Sculptured Software";"LJN";"LJN";"September 1992";1992
736;"()";"Xenophobe";"()";;"Sunsoft";"Sunsoft";"Unreleased";"December 1988";"Unreleased"
737;"()";"Xevious";"()";;"Namco";"Bandai";"Bandai";"September 1988";"10/25/89"
738;"()";"Xexyz";"()";;"Atlus";"Hudson Soft";"Unreleased";"April 1990";"Unreleased"
739;"()";"Yo! Noid";"()";;"Now Production";"Capcom";"Unreleased";"November 1990";"Unreleased"
740;"(NA)";"Yoshi";"()";;"Game Freak";"Nintendo";"Nintendo";"06/01/92";"12/30/92"
741;"(EU)";"Mario & Yoshi";"(NA)";"Yoshi";"Game Freak";"Nintendo";"Nintendo";"06/01/92";"12/30/92"
742;"()";"Yoshi's Cookie";"()";;"TOSE";"Nintendo";"Nintendo";"04/10/93";"04/28/94"
743;"()";"Young Indiana Jones Chronicles, The";"()";;"Jaleco";"Jaleco";"Unreleased";"December 1992";"Unreleased"
744;"()";"Zanac";"()";;"Compile";"FCI";"Unreleased";"October 1987";"Unreleased"
745;"()";"Zelda II: The Adventure of Link";"()";;"Nintendo Research & Development 4";"Nintendo";"Nintendo";"12/01/88";1990
746;"()";"Zen the Intergalactic Ninja";"()";;"Konami";"Konami";"Konami";"March 1993";1993
747;"()";"Zoda's Revenge: StarTropics II";"()";;"Nintendo Research & Development 3";"Nintendo";"Unreleased";"03/15/94";"Unreleased"
748;"()";"Zombie Nation";"()";;"KAZe";"Meldac";"Unreleased";"January 1991";"Unreleased"
